[2026-06-01T00:49:36.517+0000] {processor.py:161} INFO - Started process (PID=201) to work on /opt/airflow/dags/stroke_pipeline_dag.py
[2026-06-01T00:49:36.518+0000] {processor.py:830} INFO - Processing file /opt/airflow/dags/stroke_pipeline_dag.py for tasks to queue
[2026-06-01T00:49:36.521+0000] {logging_mixin.py:188} INFO - [2026-06-01T00:49:36.521+0000] {dagbag.py:545} INFO - Filling up the DagBag from /opt/airflow/dags/stroke_pipeline_dag.py
[2026-06-01T00:49:36.576+0000] {processor.py:840} INFO - DAG(s) 'stroke_pipeline' retrieved from /opt/airflow/dags/stroke_pipeline_dag.py
[2026-06-01T00:49:37.004+0000] {logging_mixin.py:188} INFO - [2026-06-01T00:49:37.003+0000] {override.py:1829} INFO - Created Permission View: can read on DAG:stroke_pipeline
[2026-06-01T00:49:37.027+0000] {logging_mixin.py:188} INFO - [2026-06-01T00:49:37.026+0000] {override.py:1829} INFO - Created Permission View: can delete on DAG:stroke_pipeline
[2026-06-01T00:49:37.036+0000] {logging_mixin.py:188} INFO - [2026-06-01T00:49:37.035+0000] {override.py:1829} INFO - Created Permission View: can edit on DAG:stroke_pipeline
[2026-06-01T00:49:37.037+0000] {logging_mixin.py:188} INFO - [2026-06-01T00:49:37.036+0000] {dag.py:3096} INFO - Sync 1 DAGs
[2026-06-01T00:49:37.046+0000] {logging_mixin.py:188} INFO - [2026-06-01T00:49:37.046+0000] {dag.py:3118} INFO - Creating ORM DAG for stroke_pipeline
[2026-06-01T00:49:37.047+0000] {logging_mixin.py:188} INFO - [2026-06-01T00:49:37.047+0000] {dag.py:3954} INFO - Setting next_dagrun for stroke_pipeline to None, run_after=None
[2026-06-01T00:49:37.074+0000] {processor.py:183} INFO - Processing /opt/airflow/dags/stroke_pipeline_dag.py took 0.568 seconds
[2026-06-01T00:50:07.315+0000] {processor.py:161} INFO - Started process (PID=206) to work on /opt/airflow/dags/stroke_pipeline_dag.py
[2026-06-01T00:50:07.316+0000] {processor.py:830} INFO - Processing file /opt/airflow/dags/stroke_pipeline_dag.py for tasks to queue
[2026-06-01T00:50:07.319+0000] {logging_mixin.py:188} INFO - [2026-06-01T00:50:07.318+0000] {dagbag.py:545} INFO - Filling up the DagBag from /opt/airflow/dags/stroke_pipeline_dag.py
[2026-06-01T00:50:07.347+0000] {processor.py:840} INFO - DAG(s) 'stroke_pipeline' retrieved from /opt/airflow/dags/stroke_pipeline_dag.py
[2026-06-01T00:50:07.382+0000] {logging_mixin.py:188} INFO - [2026-06-01T00:50:07.381+0000] {dag.py:3096} INFO - Sync 1 DAGs
[2026-06-01T00:50:07.547+0000] {logging_mixin.py:188} INFO - [2026-06-01T00:50:07.547+0000] {dag.py:3954} INFO - Setting next_dagrun for stroke_pipeline to None, run_after=None
[2026-06-01T00:50:07.568+0000] {processor.py:183} INFO - Processing /opt/airflow/dags/stroke_pipeline_dag.py took 0.260 seconds
[2026-06-01T00:50:37.937+0000] {processor.py:161} INFO - Started process (PID=211) to work on /opt/airflow/dags/stroke_pipeline_dag.py
[2026-06-01T00:50:37.939+0000] {processor.py:830} INFO - Processing file /opt/airflow/dags/stroke_pipeline_dag.py for tasks to queue
[2026-06-01T00:50:37.941+0000] {logging_mixin.py:188} INFO - [2026-06-01T00:50:37.940+0000] {dagbag.py:545} INFO - Filling up the DagBag from /opt/airflow/dags/stroke_pipeline_dag.py
[2026-06-01T00:50:37.967+0000] {processor.py:840} INFO - DAG(s) 'stroke_pipeline' retrieved from /opt/airflow/dags/stroke_pipeline_dag.py
[2026-06-01T00:50:37.997+0000] {logging_mixin.py:188} INFO - [2026-06-01T00:50:37.997+0000] {dag.py:3096} INFO - Sync 1 DAGs
[2026-06-01T00:50:38.008+0000] {logging_mixin.py:188} INFO - [2026-06-01T00:50:38.008+0000] {dag.py:3954} INFO - Setting next_dagrun for stroke_pipeline to None, run_after=None
[2026-06-01T00:50:38.034+0000] {processor.py:183} INFO - Processing /opt/airflow/dags/stroke_pipeline_dag.py took 0.105 seconds
[2026-06-01T00:51:08.138+0000] {processor.py:161} INFO - Started process (PID=216) to work on /opt/airflow/dags/stroke_pipeline_dag.py
[2026-06-01T00:51:08.139+0000] {processor.py:830} INFO - Processing file /opt/airflow/dags/stroke_pipeline_dag.py for tasks to queue
[2026-06-01T00:51:08.141+0000] {logging_mixin.py:188} INFO - [2026-06-01T00:51:08.141+0000] {dagbag.py:545} INFO - Filling up the DagBag from /opt/airflow/dags/stroke_pipeline_dag.py
[2026-06-01T00:51:08.165+0000] {processor.py:840} INFO - DAG(s) 'stroke_pipeline' retrieved from /opt/airflow/dags/stroke_pipeline_dag.py
[2026-06-01T00:51:08.196+0000] {logging_mixin.py:188} INFO - [2026-06-01T00:51:08.196+0000] {dag.py:3096} INFO - Sync 1 DAGs
[2026-06-01T00:51:08.209+0000] {logging_mixin.py:188} INFO - [2026-06-01T00:51:08.209+0000] {dag.py:3954} INFO - Setting next_dagrun for stroke_pipeline to None, run_after=None
[2026-06-01T00:51:08.229+0000] {processor.py:183} INFO - Processing /opt/airflow/dags/stroke_pipeline_dag.py took 0.097 seconds
[2026-06-01T00:51:38.437+0000] {processor.py:161} INFO - Started process (PID=221) to work on /opt/airflow/dags/stroke_pipeline_dag.py
[2026-06-01T00:51:38.438+0000] {processor.py:830} INFO - Processing file /opt/airflow/dags/stroke_pipeline_dag.py for tasks to queue
[2026-06-01T00:51:38.440+0000] {logging_mixin.py:188} INFO - [2026-06-01T00:51:38.439+0000] {dagbag.py:545} INFO - Filling up the DagBag from /opt/airflow/dags/stroke_pipeline_dag.py
[2026-06-01T00:51:38.462+0000] {processor.py:840} INFO - DAG(s) 'stroke_pipeline' retrieved from /opt/airflow/dags/stroke_pipeline_dag.py
[2026-06-01T00:51:38.492+0000] {logging_mixin.py:188} INFO - [2026-06-01T00:51:38.491+0000] {dag.py:3096} INFO - Sync 1 DAGs
[2026-06-01T00:51:38.504+0000] {logging_mixin.py:188} INFO - [2026-06-01T00:51:38.503+0000] {dag.py:3954} INFO - Setting next_dagrun for stroke_pipeline to None, run_after=None
[2026-06-01T00:51:38.524+0000] {processor.py:183} INFO - Processing /opt/airflow/dags/stroke_pipeline_dag.py took 0.093 seconds
[2026-06-01T00:52:08.660+0000] {processor.py:161} INFO - Started process (PID=226) to work on /opt/airflow/dags/stroke_pipeline_dag.py
[2026-06-01T00:52:08.661+0000] {processor.py:830} INFO - Processing file /opt/airflow/dags/stroke_pipeline_dag.py for tasks to queue
[2026-06-01T00:52:08.663+0000] {logging_mixin.py:188} INFO - [2026-06-01T00:52:08.663+0000] {dagbag.py:545} INFO - Filling up the DagBag from /opt/airflow/dags/stroke_pipeline_dag.py
[2026-06-01T00:52:08.687+0000] {processor.py:840} INFO - DAG(s) 'stroke_pipeline' retrieved from /opt/airflow/dags/stroke_pipeline_dag.py
[2026-06-01T00:52:08.718+0000] {logging_mixin.py:188} INFO - [2026-06-01T00:52:08.718+0000] {dag.py:3096} INFO - Sync 1 DAGs
[2026-06-01T00:52:08.730+0000] {logging_mixin.py:188} INFO - [2026-06-01T00:52:08.730+0000] {dag.py:3954} INFO - Setting next_dagrun for stroke_pipeline to None, run_after=None
[2026-06-01T00:52:08.750+0000] {processor.py:183} INFO - Processing /opt/airflow/dags/stroke_pipeline_dag.py took 0.096 seconds
[2026-06-01T00:52:38.945+0000] {processor.py:161} INFO - Started process (PID=231) to work on /opt/airflow/dags/stroke_pipeline_dag.py
[2026-06-01T00:52:38.946+0000] {processor.py:830} INFO - Processing file /opt/airflow/dags/stroke_pipeline_dag.py for tasks to queue
[2026-06-01T00:52:38.948+0000] {logging_mixin.py:188} INFO - [2026-06-01T00:52:38.947+0000] {dagbag.py:545} INFO - Filling up the DagBag from /opt/airflow/dags/stroke_pipeline_dag.py
[2026-06-01T00:52:38.969+0000] {processor.py:840} INFO - DAG(s) 'stroke_pipeline' retrieved from /opt/airflow/dags/stroke_pipeline_dag.py
[2026-06-01T00:52:38.999+0000] {logging_mixin.py:188} INFO - [2026-06-01T00:52:38.998+0000] {dag.py:3096} INFO - Sync 1 DAGs
[2026-06-01T00:52:39.010+0000] {logging_mixin.py:188} INFO - [2026-06-01T00:52:39.010+0000] {dag.py:3954} INFO - Setting next_dagrun for stroke_pipeline to None, run_after=None
[2026-06-01T00:52:39.031+0000] {processor.py:183} INFO - Processing /opt/airflow/dags/stroke_pipeline_dag.py took 0.091 seconds
[2026-06-01T00:53:09.156+0000] {processor.py:161} INFO - Started process (PID=236) to work on /opt/airflow/dags/stroke_pipeline_dag.py
[2026-06-01T00:53:09.157+0000] {processor.py:830} INFO - Processing file /opt/airflow/dags/stroke_pipeline_dag.py for tasks to queue
[2026-06-01T00:53:09.159+0000] {logging_mixin.py:188} INFO - [2026-06-01T00:53:09.159+0000] {dagbag.py:545} INFO - Filling up the DagBag from /opt/airflow/dags/stroke_pipeline_dag.py
[2026-06-01T00:53:09.182+0000] {processor.py:840} INFO - DAG(s) 'stroke_pipeline' retrieved from /opt/airflow/dags/stroke_pipeline_dag.py
[2026-06-01T00:53:09.211+0000] {logging_mixin.py:188} INFO - [2026-06-01T00:53:09.211+0000] {dag.py:3096} INFO - Sync 1 DAGs
[2026-06-01T00:53:09.223+0000] {logging_mixin.py:188} INFO - [2026-06-01T00:53:09.222+0000] {dag.py:3954} INFO - Setting next_dagrun for stroke_pipeline to None, run_after=None
[2026-06-01T00:53:09.243+0000] {processor.py:183} INFO - Processing /opt/airflow/dags/stroke_pipeline_dag.py took 0.095 seconds
[2026-06-01T00:53:39.483+0000] {processor.py:161} INFO - Started process (PID=241) to work on /opt/airflow/dags/stroke_pipeline_dag.py
[2026-06-01T00:53:39.484+0000] {processor.py:830} INFO - Processing file /opt/airflow/dags/stroke_pipeline_dag.py for tasks to queue
[2026-06-01T00:53:39.486+0000] {logging_mixin.py:188} INFO - [2026-06-01T00:53:39.485+0000] {dagbag.py:545} INFO - Filling up the DagBag from /opt/airflow/dags/stroke_pipeline_dag.py
[2026-06-01T00:53:39.511+0000] {processor.py:840} INFO - DAG(s) 'stroke_pipeline' retrieved from /opt/airflow/dags/stroke_pipeline_dag.py
[2026-06-01T00:53:39.544+0000] {logging_mixin.py:188} INFO - [2026-06-01T00:53:39.544+0000] {dag.py:3096} INFO - Sync 1 DAGs
[2026-06-01T00:53:39.554+0000] {logging_mixin.py:188} INFO - [2026-06-01T00:53:39.554+0000] {dag.py:3954} INFO - Setting next_dagrun for stroke_pipeline to None, run_after=None
[2026-06-01T00:53:39.579+0000] {processor.py:183} INFO - Processing /opt/airflow/dags/stroke_pipeline_dag.py took 0.102 seconds
[2026-06-01T00:54:09.685+0000] {processor.py:161} INFO - Started process (PID=246) to work on /opt/airflow/dags/stroke_pipeline_dag.py
[2026-06-01T00:54:09.686+0000] {processor.py:830} INFO - Processing file /opt/airflow/dags/stroke_pipeline_dag.py for tasks to queue
[2026-06-01T00:54:09.689+0000] {logging_mixin.py:188} INFO - [2026-06-01T00:54:09.689+0000] {dagbag.py:545} INFO - Filling up the DagBag from /opt/airflow/dags/stroke_pipeline_dag.py
[2026-06-01T00:54:09.718+0000] {processor.py:840} INFO - DAG(s) 'stroke_pipeline' retrieved from /opt/airflow/dags/stroke_pipeline_dag.py
[2026-06-01T00:54:09.749+0000] {logging_mixin.py:188} INFO - [2026-06-01T00:54:09.748+0000] {dag.py:3096} INFO - Sync 1 DAGs
[2026-06-01T00:54:09.761+0000] {logging_mixin.py:188} INFO - [2026-06-01T00:54:09.761+0000] {dag.py:3954} INFO - Setting next_dagrun for stroke_pipeline to None, run_after=None
[2026-06-01T00:54:09.780+0000] {processor.py:183} INFO - Processing /opt/airflow/dags/stroke_pipeline_dag.py took 0.102 seconds
[2026-06-01T00:54:40.030+0000] {processor.py:161} INFO - Started process (PID=251) to work on /opt/airflow/dags/stroke_pipeline_dag.py
[2026-06-01T00:54:40.031+0000] {processor.py:830} INFO - Processing file /opt/airflow/dags/stroke_pipeline_dag.py for tasks to queue
[2026-06-01T00:54:40.033+0000] {logging_mixin.py:188} INFO - [2026-06-01T00:54:40.033+0000] {dagbag.py:545} INFO - Filling up the DagBag from /opt/airflow/dags/stroke_pipeline_dag.py
[2026-06-01T00:54:40.059+0000] {processor.py:840} INFO - DAG(s) 'stroke_pipeline' retrieved from /opt/airflow/dags/stroke_pipeline_dag.py
[2026-06-01T00:54:40.089+0000] {logging_mixin.py:188} INFO - [2026-06-01T00:54:40.089+0000] {dag.py:3096} INFO - Sync 1 DAGs
[2026-06-01T00:54:40.100+0000] {logging_mixin.py:188} INFO - [2026-06-01T00:54:40.100+0000] {dag.py:3954} INFO - Setting next_dagrun for stroke_pipeline to None, run_after=None
[2026-06-01T00:54:40.125+0000] {processor.py:183} INFO - Processing /opt/airflow/dags/stroke_pipeline_dag.py took 0.103 seconds
[2026-06-01T00:55:10.253+0000] {processor.py:161} INFO - Started process (PID=256) to work on /opt/airflow/dags/stroke_pipeline_dag.py
[2026-06-01T00:55:10.254+0000] {processor.py:830} INFO - Processing file /opt/airflow/dags/stroke_pipeline_dag.py for tasks to queue
[2026-06-01T00:55:10.256+0000] {logging_mixin.py:188} INFO - [2026-06-01T00:55:10.256+0000] {dagbag.py:545} INFO - Filling up the DagBag from /opt/airflow/dags/stroke_pipeline_dag.py
[2026-06-01T00:55:10.281+0000] {processor.py:840} INFO - DAG(s) 'stroke_pipeline' retrieved from /opt/airflow/dags/stroke_pipeline_dag.py
[2026-06-01T00:55:10.315+0000] {logging_mixin.py:188} INFO - [2026-06-01T00:55:10.315+0000] {dag.py:3096} INFO - Sync 1 DAGs
[2026-06-01T00:55:10.329+0000] {logging_mixin.py:188} INFO - [2026-06-01T00:55:10.329+0000] {dag.py:3954} INFO - Setting next_dagrun for stroke_pipeline to None, run_after=None
[2026-06-01T00:55:10.351+0000] {processor.py:183} INFO - Processing /opt/airflow/dags/stroke_pipeline_dag.py took 0.105 seconds
[2026-06-01T00:55:40.545+0000] {processor.py:161} INFO - Started process (PID=261) to work on /opt/airflow/dags/stroke_pipeline_dag.py
[2026-06-01T00:55:40.546+0000] {processor.py:830} INFO - Processing file /opt/airflow/dags/stroke_pipeline_dag.py for tasks to queue
[2026-06-01T00:55:40.548+0000] {logging_mixin.py:188} INFO - [2026-06-01T00:55:40.547+0000] {dagbag.py:545} INFO - Filling up the DagBag from /opt/airflow/dags/stroke_pipeline_dag.py
[2026-06-01T00:55:40.569+0000] {processor.py:840} INFO - DAG(s) 'stroke_pipeline' retrieved from /opt/airflow/dags/stroke_pipeline_dag.py
[2026-06-01T00:55:40.597+0000] {logging_mixin.py:188} INFO - [2026-06-01T00:55:40.596+0000] {dag.py:3096} INFO - Sync 1 DAGs
[2026-06-01T00:55:40.609+0000] {logging_mixin.py:188} INFO - [2026-06-01T00:55:40.609+0000] {dag.py:3954} INFO - Setting next_dagrun for stroke_pipeline to None, run_after=None
[2026-06-01T00:55:40.630+0000] {processor.py:183} INFO - Processing /opt/airflow/dags/stroke_pipeline_dag.py took 0.091 seconds
[2026-06-01T00:56:10.773+0000] {processor.py:161} INFO - Started process (PID=266) to work on /opt/airflow/dags/stroke_pipeline_dag.py
[2026-06-01T00:56:10.776+0000] {processor.py:830} INFO - Processing file /opt/airflow/dags/stroke_pipeline_dag.py for tasks to queue
[2026-06-01T00:56:10.780+0000] {logging_mixin.py:188} INFO - [2026-06-01T00:56:10.779+0000] {dagbag.py:545} INFO - Filling up the DagBag from /opt/airflow/dags/stroke_pipeline_dag.py
[2026-06-01T00:56:10.824+0000] {processor.py:840} INFO - DAG(s) 'stroke_pipeline' retrieved from /opt/airflow/dags/stroke_pipeline_dag.py
[2026-06-01T00:56:10.879+0000] {logging_mixin.py:188} INFO - [2026-06-01T00:56:10.879+0000] {dag.py:3096} INFO - Sync 1 DAGs
[2026-06-01T00:56:10.899+0000] {logging_mixin.py:188} INFO - [2026-06-01T00:56:10.899+0000] {dag.py:3954} INFO - Setting next_dagrun for stroke_pipeline to None, run_after=None
[2026-06-01T00:56:10.938+0000] {processor.py:183} INFO - Processing /opt/airflow/dags/stroke_pipeline_dag.py took 0.176 seconds
[2026-06-01T00:56:41.570+0000] {processor.py:161} INFO - Started process (PID=271) to work on /opt/airflow/dags/stroke_pipeline_dag.py
[2026-06-01T00:56:41.572+0000] {processor.py:830} INFO - Processing file /opt/airflow/dags/stroke_pipeline_dag.py for tasks to queue
[2026-06-01T00:56:41.580+0000] {logging_mixin.py:188} INFO - [2026-06-01T00:56:41.579+0000] {dagbag.py:545} INFO - Filling up the DagBag from /opt/airflow/dags/stroke_pipeline_dag.py
[2026-06-01T00:56:41.686+0000] {processor.py:840} INFO - DAG(s) 'stroke_pipeline' retrieved from /opt/airflow/dags/stroke_pipeline_dag.py
[2026-06-01T00:56:41.814+0000] {logging_mixin.py:188} INFO - [2026-06-01T00:56:41.814+0000] {dag.py:3096} INFO - Sync 1 DAGs
[2026-06-01T00:56:41.862+0000] {logging_mixin.py:188} INFO - [2026-06-01T00:56:41.861+0000] {dag.py:3954} INFO - Setting next_dagrun for stroke_pipeline to None, run_after=None
[2026-06-01T00:56:41.949+0000] {processor.py:183} INFO - Processing /opt/airflow/dags/stroke_pipeline_dag.py took 0.398 seconds
[2026-06-01T00:57:12.216+0000] {processor.py:161} INFO - Started process (PID=276) to work on /opt/airflow/dags/stroke_pipeline_dag.py
[2026-06-01T00:57:12.217+0000] {processor.py:830} INFO - Processing file /opt/airflow/dags/stroke_pipeline_dag.py for tasks to queue
[2026-06-01T00:57:12.220+0000] {logging_mixin.py:188} INFO - [2026-06-01T00:57:12.220+0000] {dagbag.py:545} INFO - Filling up the DagBag from /opt/airflow/dags/stroke_pipeline_dag.py
[2026-06-01T00:57:12.255+0000] {processor.py:840} INFO - DAG(s) 'stroke_pipeline' retrieved from /opt/airflow/dags/stroke_pipeline_dag.py
[2026-06-01T00:57:12.296+0000] {logging_mixin.py:188} INFO - [2026-06-01T00:57:12.296+0000] {dag.py:3096} INFO - Sync 1 DAGs
[2026-06-01T00:57:12.310+0000] {logging_mixin.py:188} INFO - [2026-06-01T00:57:12.310+0000] {dag.py:3954} INFO - Setting next_dagrun for stroke_pipeline to None, run_after=None
[2026-06-01T00:57:12.340+0000] {processor.py:183} INFO - Processing /opt/airflow/dags/stroke_pipeline_dag.py took 0.136 seconds
[2026-06-01T00:57:42.420+0000] {processor.py:161} INFO - Started process (PID=281) to work on /opt/airflow/dags/stroke_pipeline_dag.py
[2026-06-01T00:57:42.421+0000] {processor.py:830} INFO - Processing file /opt/airflow/dags/stroke_pipeline_dag.py for tasks to queue
[2026-06-01T00:57:42.423+0000] {logging_mixin.py:188} INFO - [2026-06-01T00:57:42.422+0000] {dagbag.py:545} INFO - Filling up the DagBag from /opt/airflow/dags/stroke_pipeline_dag.py
[2026-06-01T00:57:42.452+0000] {processor.py:840} INFO - DAG(s) 'stroke_pipeline' retrieved from /opt/airflow/dags/stroke_pipeline_dag.py
[2026-06-01T00:57:42.486+0000] {logging_mixin.py:188} INFO - [2026-06-01T00:57:42.486+0000] {dag.py:3096} INFO - Sync 1 DAGs
[2026-06-01T00:57:42.501+0000] {logging_mixin.py:188} INFO - [2026-06-01T00:57:42.501+0000] {dag.py:3954} INFO - Setting next_dagrun for stroke_pipeline to None, run_after=None
[2026-06-01T00:57:42.535+0000] {processor.py:183} INFO - Processing /opt/airflow/dags/stroke_pipeline_dag.py took 0.122 seconds
[2026-06-01T00:58:12.744+0000] {processor.py:161} INFO - Started process (PID=286) to work on /opt/airflow/dags/stroke_pipeline_dag.py
[2026-06-01T00:58:12.745+0000] {processor.py:830} INFO - Processing file /opt/airflow/dags/stroke_pipeline_dag.py for tasks to queue
[2026-06-01T00:58:12.747+0000] {logging_mixin.py:188} INFO - [2026-06-01T00:58:12.747+0000] {dagbag.py:545} INFO - Filling up the DagBag from /opt/airflow/dags/stroke_pipeline_dag.py
[2026-06-01T00:58:12.771+0000] {processor.py:840} INFO - DAG(s) 'stroke_pipeline' retrieved from /opt/airflow/dags/stroke_pipeline_dag.py
[2026-06-01T00:58:12.800+0000] {logging_mixin.py:188} INFO - [2026-06-01T00:58:12.800+0000] {dag.py:3096} INFO - Sync 1 DAGs
[2026-06-01T00:58:12.811+0000] {logging_mixin.py:188} INFO - [2026-06-01T00:58:12.811+0000] {dag.py:3954} INFO - Setting next_dagrun for stroke_pipeline to None, run_after=None
[2026-06-01T00:58:12.836+0000] {processor.py:183} INFO - Processing /opt/airflow/dags/stroke_pipeline_dag.py took 0.099 seconds
[2026-06-01T00:58:42.974+0000] {processor.py:161} INFO - Started process (PID=291) to work on /opt/airflow/dags/stroke_pipeline_dag.py
[2026-06-01T00:58:42.975+0000] {processor.py:830} INFO - Processing file /opt/airflow/dags/stroke_pipeline_dag.py for tasks to queue
[2026-06-01T00:58:42.977+0000] {logging_mixin.py:188} INFO - [2026-06-01T00:58:42.977+0000] {dagbag.py:545} INFO - Filling up the DagBag from /opt/airflow/dags/stroke_pipeline_dag.py
[2026-06-01T00:58:43.003+0000] {processor.py:840} INFO - DAG(s) 'stroke_pipeline' retrieved from /opt/airflow/dags/stroke_pipeline_dag.py
[2026-06-01T00:58:43.038+0000] {logging_mixin.py:188} INFO - [2026-06-01T00:58:43.038+0000] {dag.py:3096} INFO - Sync 1 DAGs
[2026-06-01T00:58:43.050+0000] {logging_mixin.py:188} INFO - [2026-06-01T00:58:43.049+0000] {dag.py:3954} INFO - Setting next_dagrun for stroke_pipeline to None, run_after=None
[2026-06-01T00:58:43.075+0000] {processor.py:183} INFO - Processing /opt/airflow/dags/stroke_pipeline_dag.py took 0.107 seconds
[2026-06-01T00:59:13.315+0000] {processor.py:161} INFO - Started process (PID=296) to work on /opt/airflow/dags/stroke_pipeline_dag.py
[2026-06-01T00:59:13.316+0000] {processor.py:830} INFO - Processing file /opt/airflow/dags/stroke_pipeline_dag.py for tasks to queue
[2026-06-01T00:59:13.319+0000] {logging_mixin.py:188} INFO - [2026-06-01T00:59:13.318+0000] {dagbag.py:545} INFO - Filling up the DagBag from /opt/airflow/dags/stroke_pipeline_dag.py
[2026-06-01T00:59:13.352+0000] {processor.py:840} INFO - DAG(s) 'stroke_pipeline' retrieved from /opt/airflow/dags/stroke_pipeline_dag.py
[2026-06-01T00:59:13.386+0000] {logging_mixin.py:188} INFO - [2026-06-01T00:59:13.386+0000] {dag.py:3096} INFO - Sync 1 DAGs
[2026-06-01T00:59:13.401+0000] {logging_mixin.py:188} INFO - [2026-06-01T00:59:13.401+0000] {dag.py:3954} INFO - Setting next_dagrun for stroke_pipeline to None, run_after=None
[2026-06-01T00:59:13.433+0000] {processor.py:183} INFO - Processing /opt/airflow/dags/stroke_pipeline_dag.py took 0.124 seconds
[2026-06-01T00:59:43.587+0000] {processor.py:161} INFO - Started process (PID=301) to work on /opt/airflow/dags/stroke_pipeline_dag.py
[2026-06-01T00:59:43.588+0000] {processor.py:830} INFO - Processing file /opt/airflow/dags/stroke_pipeline_dag.py for tasks to queue
[2026-06-01T00:59:43.590+0000] {logging_mixin.py:188} INFO - [2026-06-01T00:59:43.590+0000] {dagbag.py:545} INFO - Filling up the DagBag from /opt/airflow/dags/stroke_pipeline_dag.py
[2026-06-01T00:59:43.613+0000] {processor.py:840} INFO - DAG(s) 'stroke_pipeline' retrieved from /opt/airflow/dags/stroke_pipeline_dag.py
[2026-06-01T00:59:43.643+0000] {logging_mixin.py:188} INFO - [2026-06-01T00:59:43.643+0000] {dag.py:3096} INFO - Sync 1 DAGs
[2026-06-01T00:59:43.654+0000] {logging_mixin.py:188} INFO - [2026-06-01T00:59:43.654+0000] {dag.py:3954} INFO - Setting next_dagrun for stroke_pipeline to None, run_after=None
[2026-06-01T00:59:43.678+0000] {processor.py:183} INFO - Processing /opt/airflow/dags/stroke_pipeline_dag.py took 0.098 seconds
[2026-06-01T01:00:13.860+0000] {processor.py:161} INFO - Started process (PID=306) to work on /opt/airflow/dags/stroke_pipeline_dag.py
[2026-06-01T01:00:13.862+0000] {processor.py:830} INFO - Processing file /opt/airflow/dags/stroke_pipeline_dag.py for tasks to queue
[2026-06-01T01:00:13.864+0000] {logging_mixin.py:188} INFO - [2026-06-01T01:00:13.864+0000] {dagbag.py:545} INFO - Filling up the DagBag from /opt/airflow/dags/stroke_pipeline_dag.py
[2026-06-01T01:00:13.894+0000] {processor.py:840} INFO - DAG(s) 'stroke_pipeline' retrieved from /opt/airflow/dags/stroke_pipeline_dag.py
[2026-06-01T01:00:13.925+0000] {logging_mixin.py:188} INFO - [2026-06-01T01:00:13.925+0000] {dag.py:3096} INFO - Sync 1 DAGs
[2026-06-01T01:00:13.938+0000] {logging_mixin.py:188} INFO - [2026-06-01T01:00:13.938+0000] {dag.py:3954} INFO - Setting next_dagrun for stroke_pipeline to None, run_after=None
[2026-06-01T01:00:13.962+0000] {processor.py:183} INFO - Processing /opt/airflow/dags/stroke_pipeline_dag.py took 0.108 seconds
[2026-06-01T01:00:44.151+0000] {processor.py:161} INFO - Started process (PID=311) to work on /opt/airflow/dags/stroke_pipeline_dag.py
[2026-06-01T01:00:44.152+0000] {processor.py:830} INFO - Processing file /opt/airflow/dags/stroke_pipeline_dag.py for tasks to queue
[2026-06-01T01:00:44.154+0000] {logging_mixin.py:188} INFO - [2026-06-01T01:00:44.154+0000] {dagbag.py:545} INFO - Filling up the DagBag from /opt/airflow/dags/stroke_pipeline_dag.py
[2026-06-01T01:00:44.177+0000] {processor.py:840} INFO - DAG(s) 'stroke_pipeline' retrieved from /opt/airflow/dags/stroke_pipeline_dag.py
[2026-06-01T01:00:44.203+0000] {logging_mixin.py:188} INFO - [2026-06-01T01:00:44.202+0000] {dag.py:3096} INFO - Sync 1 DAGs
[2026-06-01T01:00:44.234+0000] {logging_mixin.py:188} INFO - [2026-06-01T01:00:44.234+0000] {dag.py:3954} INFO - Setting next_dagrun for stroke_pipeline to None, run_after=None
[2026-06-01T01:00:44.261+0000] {processor.py:183} INFO - Processing /opt/airflow/dags/stroke_pipeline_dag.py took 0.117 seconds
[2026-06-01T01:01:14.359+0000] {processor.py:161} INFO - Started process (PID=316) to work on /opt/airflow/dags/stroke_pipeline_dag.py
[2026-06-01T01:01:14.360+0000] {processor.py:830} INFO - Processing file /opt/airflow/dags/stroke_pipeline_dag.py for tasks to queue
[2026-06-01T01:01:14.362+0000] {logging_mixin.py:188} INFO - [2026-06-01T01:01:14.361+0000] {dagbag.py:545} INFO - Filling up the DagBag from /opt/airflow/dags/stroke_pipeline_dag.py
[2026-06-01T01:01:14.387+0000] {processor.py:840} INFO - DAG(s) 'stroke_pipeline' retrieved from /opt/airflow/dags/stroke_pipeline_dag.py
[2026-06-01T01:01:14.416+0000] {logging_mixin.py:188} INFO - [2026-06-01T01:01:14.416+0000] {dag.py:3096} INFO - Sync 1 DAGs
[2026-06-01T01:01:14.428+0000] {logging_mixin.py:188} INFO - [2026-06-01T01:01:14.428+0000] {dag.py:3954} INFO - Setting next_dagrun for stroke_pipeline to None, run_after=None
[2026-06-01T01:01:14.454+0000] {processor.py:183} INFO - Processing /opt/airflow/dags/stroke_pipeline_dag.py took 0.102 seconds
[2026-06-01T01:01:44.667+0000] {processor.py:161} INFO - Started process (PID=321) to work on /opt/airflow/dags/stroke_pipeline_dag.py
[2026-06-01T01:01:44.668+0000] {processor.py:830} INFO - Processing file /opt/airflow/dags/stroke_pipeline_dag.py for tasks to queue
[2026-06-01T01:01:44.670+0000] {logging_mixin.py:188} INFO - [2026-06-01T01:01:44.670+0000] {dagbag.py:545} INFO - Filling up the DagBag from /opt/airflow/dags/stroke_pipeline_dag.py
[2026-06-01T01:01:44.697+0000] {processor.py:840} INFO - DAG(s) 'stroke_pipeline' retrieved from /opt/airflow/dags/stroke_pipeline_dag.py
[2026-06-01T01:01:44.745+0000] {logging_mixin.py:188} INFO - [2026-06-01T01:01:44.744+0000] {dag.py:3096} INFO - Sync 1 DAGs
[2026-06-01T01:01:44.758+0000] {logging_mixin.py:188} INFO - [2026-06-01T01:01:44.758+0000] {dag.py:3954} INFO - Setting next_dagrun for stroke_pipeline to None, run_after=None
[2026-06-01T01:01:44.784+0000] {processor.py:183} INFO - Processing /opt/airflow/dags/stroke_pipeline_dag.py took 0.125 seconds
[2026-06-01T01:02:14.880+0000] {processor.py:161} INFO - Started process (PID=326) to work on /opt/airflow/dags/stroke_pipeline_dag.py
[2026-06-01T01:02:14.881+0000] {processor.py:830} INFO - Processing file /opt/airflow/dags/stroke_pipeline_dag.py for tasks to queue
[2026-06-01T01:02:14.883+0000] {logging_mixin.py:188} INFO - [2026-06-01T01:02:14.883+0000] {dagbag.py:545} INFO - Filling up the DagBag from /opt/airflow/dags/stroke_pipeline_dag.py
[2026-06-01T01:02:14.907+0000] {processor.py:840} INFO - DAG(s) 'stroke_pipeline' retrieved from /opt/airflow/dags/stroke_pipeline_dag.py
[2026-06-01T01:02:14.933+0000] {logging_mixin.py:188} INFO - [2026-06-01T01:02:14.933+0000] {dag.py:3096} INFO - Sync 1 DAGs
[2026-06-01T01:02:14.945+0000] {logging_mixin.py:188} INFO - [2026-06-01T01:02:14.945+0000] {dag.py:3954} INFO - Setting next_dagrun for stroke_pipeline to None, run_after=None
[2026-06-01T01:02:14.970+0000] {processor.py:183} INFO - Processing /opt/airflow/dags/stroke_pipeline_dag.py took 0.097 seconds
[2026-06-01T01:02:45.186+0000] {processor.py:161} INFO - Started process (PID=334) to work on /opt/airflow/dags/stroke_pipeline_dag.py
[2026-06-01T01:02:45.187+0000] {processor.py:830} INFO - Processing file /opt/airflow/dags/stroke_pipeline_dag.py for tasks to queue
[2026-06-01T01:02:45.190+0000] {logging_mixin.py:188} INFO - [2026-06-01T01:02:45.189+0000] {dagbag.py:545} INFO - Filling up the DagBag from /opt/airflow/dags/stroke_pipeline_dag.py
[2026-06-01T01:02:45.218+0000] {processor.py:840} INFO - DAG(s) 'stroke_pipeline' retrieved from /opt/airflow/dags/stroke_pipeline_dag.py
[2026-06-01T01:02:45.251+0000] {logging_mixin.py:188} INFO - [2026-06-01T01:02:45.251+0000] {dag.py:3096} INFO - Sync 1 DAGs
[2026-06-01T01:02:45.264+0000] {logging_mixin.py:188} INFO - [2026-06-01T01:02:45.264+0000] {dag.py:3954} INFO - Setting next_dagrun for stroke_pipeline to None, run_after=None
[2026-06-01T01:02:45.290+0000] {processor.py:183} INFO - Processing /opt/airflow/dags/stroke_pipeline_dag.py took 0.111 seconds
[2026-06-01T01:03:15.395+0000] {processor.py:161} INFO - Started process (PID=339) to work on /opt/airflow/dags/stroke_pipeline_dag.py
[2026-06-01T01:03:15.396+0000] {processor.py:830} INFO - Processing file /opt/airflow/dags/stroke_pipeline_dag.py for tasks to queue
[2026-06-01T01:03:15.399+0000] {logging_mixin.py:188} INFO - [2026-06-01T01:03:15.399+0000] {dagbag.py:545} INFO - Filling up the DagBag from /opt/airflow/dags/stroke_pipeline_dag.py
[2026-06-01T01:03:15.429+0000] {processor.py:840} INFO - DAG(s) 'stroke_pipeline' retrieved from /opt/airflow/dags/stroke_pipeline_dag.py
[2026-06-01T01:03:15.473+0000] {logging_mixin.py:188} INFO - [2026-06-01T01:03:15.472+0000] {dag.py:3096} INFO - Sync 1 DAGs
[2026-06-01T01:03:15.489+0000] {logging_mixin.py:188} INFO - [2026-06-01T01:03:15.488+0000] {dag.py:3954} INFO - Setting next_dagrun for stroke_pipeline to None, run_after=None
[2026-06-01T01:03:15.518+0000] {processor.py:183} INFO - Processing /opt/airflow/dags/stroke_pipeline_dag.py took 0.132 seconds
[2026-06-01T01:03:45.708+0000] {processor.py:161} INFO - Started process (PID=344) to work on /opt/airflow/dags/stroke_pipeline_dag.py
[2026-06-01T01:03:45.710+0000] {processor.py:830} INFO - Processing file /opt/airflow/dags/stroke_pipeline_dag.py for tasks to queue
[2026-06-01T01:03:45.712+0000] {logging_mixin.py:188} INFO - [2026-06-01T01:03:45.712+0000] {dagbag.py:545} INFO - Filling up the DagBag from /opt/airflow/dags/stroke_pipeline_dag.py
[2026-06-01T01:03:45.738+0000] {processor.py:840} INFO - DAG(s) 'stroke_pipeline' retrieved from /opt/airflow/dags/stroke_pipeline_dag.py
[2026-06-01T01:03:45.764+0000] {logging_mixin.py:188} INFO - [2026-06-01T01:03:45.764+0000] {dag.py:3096} INFO - Sync 1 DAGs
[2026-06-01T01:03:45.774+0000] {logging_mixin.py:188} INFO - [2026-06-01T01:03:45.774+0000] {dag.py:3954} INFO - Setting next_dagrun for stroke_pipeline to None, run_after=None
[2026-06-01T01:03:45.799+0000] {processor.py:183} INFO - Processing /opt/airflow/dags/stroke_pipeline_dag.py took 0.098 seconds
[2026-06-01T01:04:15.919+0000] {processor.py:161} INFO - Started process (PID=349) to work on /opt/airflow/dags/stroke_pipeline_dag.py
[2026-06-01T01:04:15.920+0000] {processor.py:830} INFO - Processing file /opt/airflow/dags/stroke_pipeline_dag.py for tasks to queue
[2026-06-01T01:04:15.922+0000] {logging_mixin.py:188} INFO - [2026-06-01T01:04:15.922+0000] {dagbag.py:545} INFO - Filling up the DagBag from /opt/airflow/dags/stroke_pipeline_dag.py
[2026-06-01T01:04:15.947+0000] {processor.py:840} INFO - DAG(s) 'stroke_pipeline' retrieved from /opt/airflow/dags/stroke_pipeline_dag.py
[2026-06-01T01:04:15.978+0000] {logging_mixin.py:188} INFO - [2026-06-01T01:04:15.978+0000] {dag.py:3096} INFO - Sync 1 DAGs
[2026-06-01T01:04:15.989+0000] {logging_mixin.py:188} INFO - [2026-06-01T01:04:15.989+0000] {dag.py:3954} INFO - Setting next_dagrun for stroke_pipeline to None, run_after=None
[2026-06-01T01:04:16.010+0000] {processor.py:183} INFO - Processing /opt/airflow/dags/stroke_pipeline_dag.py took 0.097 seconds
[2026-06-01T01:04:46.153+0000] {processor.py:161} INFO - Started process (PID=354) to work on /opt/airflow/dags/stroke_pipeline_dag.py
[2026-06-01T01:04:46.154+0000] {processor.py:830} INFO - Processing file /opt/airflow/dags/stroke_pipeline_dag.py for tasks to queue
[2026-06-01T01:04:46.157+0000] {logging_mixin.py:188} INFO - [2026-06-01T01:04:46.156+0000] {dagbag.py:545} INFO - Filling up the DagBag from /opt/airflow/dags/stroke_pipeline_dag.py
[2026-06-01T01:04:46.180+0000] {processor.py:840} INFO - DAG(s) 'stroke_pipeline' retrieved from /opt/airflow/dags/stroke_pipeline_dag.py
[2026-06-01T01:04:46.208+0000] {logging_mixin.py:188} INFO - [2026-06-01T01:04:46.208+0000] {dag.py:3096} INFO - Sync 1 DAGs
[2026-06-01T01:04:46.219+0000] {logging_mixin.py:188} INFO - [2026-06-01T01:04:46.219+0000] {dag.py:3954} INFO - Setting next_dagrun for stroke_pipeline to None, run_after=None
[2026-06-01T01:04:46.245+0000] {processor.py:183} INFO - Processing /opt/airflow/dags/stroke_pipeline_dag.py took 0.099 seconds
[2026-06-01T01:05:16.428+0000] {processor.py:161} INFO - Started process (PID=359) to work on /opt/airflow/dags/stroke_pipeline_dag.py
[2026-06-01T01:05:16.429+0000] {processor.py:830} INFO - Processing file /opt/airflow/dags/stroke_pipeline_dag.py for tasks to queue
[2026-06-01T01:05:16.432+0000] {logging_mixin.py:188} INFO - [2026-06-01T01:05:16.431+0000] {dagbag.py:545} INFO - Filling up the DagBag from /opt/airflow/dags/stroke_pipeline_dag.py
[2026-06-01T01:05:16.461+0000] {processor.py:840} INFO - DAG(s) 'stroke_pipeline' retrieved from /opt/airflow/dags/stroke_pipeline_dag.py
[2026-06-01T01:05:16.496+0000] {logging_mixin.py:188} INFO - [2026-06-01T01:05:16.495+0000] {dag.py:3096} INFO - Sync 1 DAGs
[2026-06-01T01:05:16.517+0000] {logging_mixin.py:188} INFO - [2026-06-01T01:05:16.517+0000] {dag.py:3954} INFO - Setting next_dagrun for stroke_pipeline to None, run_after=None
[2026-06-01T01:05:16.547+0000] {processor.py:183} INFO - Processing /opt/airflow/dags/stroke_pipeline_dag.py took 0.136 seconds
[2026-06-01T01:05:46.658+0000] {processor.py:161} INFO - Started process (PID=364) to work on /opt/airflow/dags/stroke_pipeline_dag.py
[2026-06-01T01:05:46.660+0000] {processor.py:830} INFO - Processing file /opt/airflow/dags/stroke_pipeline_dag.py for tasks to queue
[2026-06-01T01:05:46.662+0000] {logging_mixin.py:188} INFO - [2026-06-01T01:05:46.662+0000] {dagbag.py:545} INFO - Filling up the DagBag from /opt/airflow/dags/stroke_pipeline_dag.py
[2026-06-01T01:05:46.689+0000] {processor.py:840} INFO - DAG(s) 'stroke_pipeline' retrieved from /opt/airflow/dags/stroke_pipeline_dag.py
[2026-06-01T01:05:46.727+0000] {logging_mixin.py:188} INFO - [2026-06-01T01:05:46.727+0000] {dag.py:3096} INFO - Sync 1 DAGs
[2026-06-01T01:05:46.739+0000] {logging_mixin.py:188} INFO - [2026-06-01T01:05:46.739+0000] {dag.py:3954} INFO - Setting next_dagrun for stroke_pipeline to None, run_after=None
[2026-06-01T01:05:46.764+0000] {processor.py:183} INFO - Processing /opt/airflow/dags/stroke_pipeline_dag.py took 0.114 seconds
[2026-06-01T01:06:16.946+0000] {processor.py:161} INFO - Started process (PID=369) to work on /opt/airflow/dags/stroke_pipeline_dag.py
[2026-06-01T01:06:16.947+0000] {processor.py:830} INFO - Processing file /opt/airflow/dags/stroke_pipeline_dag.py for tasks to queue
[2026-06-01T01:06:16.949+0000] {logging_mixin.py:188} INFO - [2026-06-01T01:06:16.949+0000] {dagbag.py:545} INFO - Filling up the DagBag from /opt/airflow/dags/stroke_pipeline_dag.py
[2026-06-01T01:06:16.973+0000] {processor.py:840} INFO - DAG(s) 'stroke_pipeline' retrieved from /opt/airflow/dags/stroke_pipeline_dag.py
[2026-06-01T01:06:17.021+0000] {logging_mixin.py:188} INFO - [2026-06-01T01:06:17.021+0000] {dag.py:3096} INFO - Sync 1 DAGs
[2026-06-01T01:06:17.033+0000] {logging_mixin.py:188} INFO - [2026-06-01T01:06:17.033+0000] {dag.py:3954} INFO - Setting next_dagrun for stroke_pipeline to None, run_after=None
[2026-06-01T01:06:17.055+0000] {processor.py:183} INFO - Processing /opt/airflow/dags/stroke_pipeline_dag.py took 0.117 seconds
[2026-06-01T01:06:47.154+0000] {processor.py:161} INFO - Started process (PID=374) to work on /opt/airflow/dags/stroke_pipeline_dag.py
[2026-06-01T01:06:47.155+0000] {processor.py:830} INFO - Processing file /opt/airflow/dags/stroke_pipeline_dag.py for tasks to queue
[2026-06-01T01:06:47.158+0000] {logging_mixin.py:188} INFO - [2026-06-01T01:06:47.157+0000] {dagbag.py:545} INFO - Filling up the DagBag from /opt/airflow/dags/stroke_pipeline_dag.py
[2026-06-01T01:06:47.182+0000] {processor.py:840} INFO - DAG(s) 'stroke_pipeline' retrieved from /opt/airflow/dags/stroke_pipeline_dag.py
[2026-06-01T01:06:47.210+0000] {logging_mixin.py:188} INFO - [2026-06-01T01:06:47.209+0000] {dag.py:3096} INFO - Sync 1 DAGs
[2026-06-01T01:06:47.222+0000] {logging_mixin.py:188} INFO - [2026-06-01T01:06:47.221+0000] {dag.py:3954} INFO - Setting next_dagrun for stroke_pipeline to None, run_after=None
[2026-06-01T01:06:47.249+0000] {processor.py:183} INFO - Processing /opt/airflow/dags/stroke_pipeline_dag.py took 0.101 seconds
[2026-06-01T01:07:17.471+0000] {processor.py:161} INFO - Started process (PID=379) to work on /opt/airflow/dags/stroke_pipeline_dag.py
[2026-06-01T01:07:17.473+0000] {processor.py:830} INFO - Processing file /opt/airflow/dags/stroke_pipeline_dag.py for tasks to queue
[2026-06-01T01:07:17.476+0000] {logging_mixin.py:188} INFO - [2026-06-01T01:07:17.475+0000] {dagbag.py:545} INFO - Filling up the DagBag from /opt/airflow/dags/stroke_pipeline_dag.py
[2026-06-01T01:07:17.501+0000] {processor.py:840} INFO - DAG(s) 'stroke_pipeline' retrieved from /opt/airflow/dags/stroke_pipeline_dag.py
[2026-06-01T01:07:17.533+0000] {logging_mixin.py:188} INFO - [2026-06-01T01:07:17.533+0000] {dag.py:3096} INFO - Sync 1 DAGs
[2026-06-01T01:07:17.548+0000] {logging_mixin.py:188} INFO - [2026-06-01T01:07:17.548+0000] {dag.py:3954} INFO - Setting next_dagrun for stroke_pipeline to None, run_after=None
[2026-06-01T01:07:17.576+0000] {processor.py:183} INFO - Processing /opt/airflow/dags/stroke_pipeline_dag.py took 0.110 seconds
[2026-06-01T01:07:47.729+0000] {processor.py:161} INFO - Started process (PID=387) to work on /opt/airflow/dags/stroke_pipeline_dag.py
[2026-06-01T01:07:47.730+0000] {processor.py:830} INFO - Processing file /opt/airflow/dags/stroke_pipeline_dag.py for tasks to queue
[2026-06-01T01:07:47.732+0000] {logging_mixin.py:188} INFO - [2026-06-01T01:07:47.732+0000] {dagbag.py:545} INFO - Filling up the DagBag from /opt/airflow/dags/stroke_pipeline_dag.py
[2026-06-01T01:07:47.759+0000] {processor.py:840} INFO - DAG(s) 'stroke_pipeline' retrieved from /opt/airflow/dags/stroke_pipeline_dag.py
[2026-06-01T01:07:47.785+0000] {logging_mixin.py:188} INFO - [2026-06-01T01:07:47.785+0000] {dag.py:3096} INFO - Sync 1 DAGs
[2026-06-01T01:07:47.796+0000] {logging_mixin.py:188} INFO - [2026-06-01T01:07:47.796+0000] {dag.py:3954} INFO - Setting next_dagrun for stroke_pipeline to None, run_after=None
[2026-06-01T01:07:47.821+0000] {processor.py:183} INFO - Processing /opt/airflow/dags/stroke_pipeline_dag.py took 0.098 seconds
[2026-06-01T01:08:17.979+0000] {processor.py:161} INFO - Started process (PID=392) to work on /opt/airflow/dags/stroke_pipeline_dag.py
[2026-06-01T01:08:17.981+0000] {processor.py:830} INFO - Processing file /opt/airflow/dags/stroke_pipeline_dag.py for tasks to queue
[2026-06-01T01:08:17.983+0000] {logging_mixin.py:188} INFO - [2026-06-01T01:08:17.982+0000] {dagbag.py:545} INFO - Filling up the DagBag from /opt/airflow/dags/stroke_pipeline_dag.py
[2026-06-01T01:08:18.005+0000] {processor.py:840} INFO - DAG(s) 'stroke_pipeline' retrieved from /opt/airflow/dags/stroke_pipeline_dag.py
[2026-06-01T01:08:18.034+0000] {logging_mixin.py:188} INFO - [2026-06-01T01:08:18.034+0000] {dag.py:3096} INFO - Sync 1 DAGs
[2026-06-01T01:08:18.047+0000] {logging_mixin.py:188} INFO - [2026-06-01T01:08:18.047+0000] {dag.py:3954} INFO - Setting next_dagrun for stroke_pipeline to None, run_after=None
[2026-06-01T01:08:18.073+0000] {processor.py:183} INFO - Processing /opt/airflow/dags/stroke_pipeline_dag.py took 0.099 seconds
[2026-06-01T01:08:48.237+0000] {processor.py:161} INFO - Started process (PID=397) to work on /opt/airflow/dags/stroke_pipeline_dag.py
[2026-06-01T01:08:48.238+0000] {processor.py:830} INFO - Processing file /opt/airflow/dags/stroke_pipeline_dag.py for tasks to queue
[2026-06-01T01:08:48.240+0000] {logging_mixin.py:188} INFO - [2026-06-01T01:08:48.240+0000] {dagbag.py:545} INFO - Filling up the DagBag from /opt/airflow/dags/stroke_pipeline_dag.py
[2026-06-01T01:08:48.264+0000] {processor.py:840} INFO - DAG(s) 'stroke_pipeline' retrieved from /opt/airflow/dags/stroke_pipeline_dag.py
[2026-06-01T01:08:48.292+0000] {logging_mixin.py:188} INFO - [2026-06-01T01:08:48.292+0000] {dag.py:3096} INFO - Sync 1 DAGs
[2026-06-01T01:08:48.303+0000] {logging_mixin.py:188} INFO - [2026-06-01T01:08:48.303+0000] {dag.py:3954} INFO - Setting next_dagrun for stroke_pipeline to None, run_after=None
[2026-06-01T01:08:48.330+0000] {processor.py:183} INFO - Processing /opt/airflow/dags/stroke_pipeline_dag.py took 0.099 seconds
[2026-06-01T01:09:18.490+0000] {processor.py:161} INFO - Started process (PID=402) to work on /opt/airflow/dags/stroke_pipeline_dag.py
[2026-06-01T01:09:18.491+0000] {processor.py:830} INFO - Processing file /opt/airflow/dags/stroke_pipeline_dag.py for tasks to queue
[2026-06-01T01:09:18.493+0000] {logging_mixin.py:188} INFO - [2026-06-01T01:09:18.493+0000] {dagbag.py:545} INFO - Filling up the DagBag from /opt/airflow/dags/stroke_pipeline_dag.py
[2026-06-01T01:09:18.517+0000] {processor.py:840} INFO - DAG(s) 'stroke_pipeline' retrieved from /opt/airflow/dags/stroke_pipeline_dag.py
[2026-06-01T01:09:18.546+0000] {logging_mixin.py:188} INFO - [2026-06-01T01:09:18.545+0000] {dag.py:3096} INFO - Sync 1 DAGs
[2026-06-01T01:09:18.559+0000] {logging_mixin.py:188} INFO - [2026-06-01T01:09:18.559+0000] {dag.py:3954} INFO - Setting next_dagrun for stroke_pipeline to None, run_after=None
[2026-06-01T01:09:18.586+0000] {processor.py:183} INFO - Processing /opt/airflow/dags/stroke_pipeline_dag.py took 0.102 seconds
[2026-06-01T01:09:48.816+0000] {processor.py:161} INFO - Started process (PID=407) to work on /opt/airflow/dags/stroke_pipeline_dag.py
[2026-06-01T01:09:48.817+0000] {processor.py:830} INFO - Processing file /opt/airflow/dags/stroke_pipeline_dag.py for tasks to queue
[2026-06-01T01:09:48.820+0000] {logging_mixin.py:188} INFO - [2026-06-01T01:09:48.819+0000] {dagbag.py:545} INFO - Filling up the DagBag from /opt/airflow/dags/stroke_pipeline_dag.py
[2026-06-01T01:09:48.844+0000] {processor.py:840} INFO - DAG(s) 'stroke_pipeline' retrieved from /opt/airflow/dags/stroke_pipeline_dag.py
[2026-06-01T01:09:48.871+0000] {logging_mixin.py:188} INFO - [2026-06-01T01:09:48.871+0000] {dag.py:3096} INFO - Sync 1 DAGs
[2026-06-01T01:09:48.884+0000] {logging_mixin.py:188} INFO - [2026-06-01T01:09:48.884+0000] {dag.py:3954} INFO - Setting next_dagrun for stroke_pipeline to None, run_after=None
[2026-06-01T01:09:48.911+0000] {processor.py:183} INFO - Processing /opt/airflow/dags/stroke_pipeline_dag.py took 0.102 seconds
[2026-06-01T01:10:19.069+0000] {processor.py:161} INFO - Started process (PID=412) to work on /opt/airflow/dags/stroke_pipeline_dag.py
[2026-06-01T01:10:19.070+0000] {processor.py:830} INFO - Processing file /opt/airflow/dags/stroke_pipeline_dag.py for tasks to queue
[2026-06-01T01:10:19.072+0000] {logging_mixin.py:188} INFO - [2026-06-01T01:10:19.072+0000] {dagbag.py:545} INFO - Filling up the DagBag from /opt/airflow/dags/stroke_pipeline_dag.py
[2026-06-01T01:10:19.097+0000] {processor.py:840} INFO - DAG(s) 'stroke_pipeline' retrieved from /opt/airflow/dags/stroke_pipeline_dag.py
[2026-06-01T01:10:19.125+0000] {logging_mixin.py:188} INFO - [2026-06-01T01:10:19.125+0000] {dag.py:3096} INFO - Sync 1 DAGs
[2026-06-01T01:10:19.138+0000] {logging_mixin.py:188} INFO - [2026-06-01T01:10:19.137+0000] {dag.py:3954} INFO - Setting next_dagrun for stroke_pipeline to None, run_after=None
[2026-06-01T01:10:19.163+0000] {processor.py:183} INFO - Processing /opt/airflow/dags/stroke_pipeline_dag.py took 0.101 seconds
[2026-06-01T01:15:13.080+0000] {processor.py:161} INFO - Started process (PID=201) to work on /opt/airflow/dags/stroke_pipeline_dag.py
[2026-06-01T01:15:13.082+0000] {processor.py:830} INFO - Processing file /opt/airflow/dags/stroke_pipeline_dag.py for tasks to queue
[2026-06-01T01:15:13.084+0000] {logging_mixin.py:188} INFO - [2026-06-01T01:15:13.083+0000] {dagbag.py:545} INFO - Filling up the DagBag from /opt/airflow/dags/stroke_pipeline_dag.py
[2026-06-01T01:15:13.121+0000] {processor.py:840} INFO - DAG(s) 'stroke_pipeline' retrieved from /opt/airflow/dags/stroke_pipeline_dag.py
[2026-06-01T01:15:13.530+0000] {logging_mixin.py:188} INFO - [2026-06-01T01:15:13.530+0000] {dag.py:3096} INFO - Sync 1 DAGs
[2026-06-01T01:15:13.539+0000] {logging_mixin.py:188} INFO - [2026-06-01T01:15:13.539+0000] {dag.py:3954} INFO - Setting next_dagrun for stroke_pipeline to None, run_after=None
[2026-06-01T01:15:13.561+0000] {processor.py:183} INFO - Processing /opt/airflow/dags/stroke_pipeline_dag.py took 0.487 seconds
[2026-06-01T01:15:43.800+0000] {processor.py:161} INFO - Started process (PID=206) to work on /opt/airflow/dags/stroke_pipeline_dag.py
[2026-06-01T01:15:43.802+0000] {processor.py:830} INFO - Processing file /opt/airflow/dags/stroke_pipeline_dag.py for tasks to queue
[2026-06-01T01:15:43.804+0000] {logging_mixin.py:188} INFO - [2026-06-01T01:15:43.804+0000] {dagbag.py:545} INFO - Filling up the DagBag from /opt/airflow/dags/stroke_pipeline_dag.py
[2026-06-01T01:15:43.833+0000] {processor.py:840} INFO - DAG(s) 'stroke_pipeline' retrieved from /opt/airflow/dags/stroke_pipeline_dag.py
[2026-06-01T01:15:43.872+0000] {logging_mixin.py:188} INFO - [2026-06-01T01:15:43.872+0000] {dag.py:3096} INFO - Sync 1 DAGs
[2026-06-01T01:15:44.155+0000] {logging_mixin.py:188} INFO - [2026-06-01T01:15:44.155+0000] {dag.py:3954} INFO - Setting next_dagrun for stroke_pipeline to None, run_after=None
[2026-06-01T01:15:44.178+0000] {processor.py:183} INFO - Processing /opt/airflow/dags/stroke_pipeline_dag.py took 0.387 seconds
[2026-06-01T01:16:14.548+0000] {processor.py:161} INFO - Started process (PID=211) to work on /opt/airflow/dags/stroke_pipeline_dag.py
[2026-06-01T01:16:14.550+0000] {processor.py:830} INFO - Processing file /opt/airflow/dags/stroke_pipeline_dag.py for tasks to queue
[2026-06-01T01:16:14.552+0000] {logging_mixin.py:188} INFO - [2026-06-01T01:16:14.551+0000] {dagbag.py:545} INFO - Filling up the DagBag from /opt/airflow/dags/stroke_pipeline_dag.py
[2026-06-01T01:16:14.575+0000] {processor.py:840} INFO - DAG(s) 'stroke_pipeline' retrieved from /opt/airflow/dags/stroke_pipeline_dag.py
[2026-06-01T01:16:14.615+0000] {logging_mixin.py:188} INFO - [2026-06-01T01:16:14.614+0000] {dag.py:3096} INFO - Sync 1 DAGs
[2026-06-01T01:16:14.627+0000] {logging_mixin.py:188} INFO - [2026-06-01T01:16:14.627+0000] {dag.py:3954} INFO - Setting next_dagrun for stroke_pipeline to None, run_after=None
[2026-06-01T01:16:14.656+0000] {processor.py:183} INFO - Processing /opt/airflow/dags/stroke_pipeline_dag.py took 0.115 seconds
[2026-06-01T01:16:44.756+0000] {processor.py:161} INFO - Started process (PID=216) to work on /opt/airflow/dags/stroke_pipeline_dag.py
[2026-06-01T01:16:44.757+0000] {processor.py:830} INFO - Processing file /opt/airflow/dags/stroke_pipeline_dag.py for tasks to queue
[2026-06-01T01:16:44.759+0000] {logging_mixin.py:188} INFO - [2026-06-01T01:16:44.759+0000] {dagbag.py:545} INFO - Filling up the DagBag from /opt/airflow/dags/stroke_pipeline_dag.py
[2026-06-01T01:16:44.782+0000] {processor.py:840} INFO - DAG(s) 'stroke_pipeline' retrieved from /opt/airflow/dags/stroke_pipeline_dag.py
[2026-06-01T01:16:44.813+0000] {logging_mixin.py:188} INFO - [2026-06-01T01:16:44.813+0000] {dag.py:3096} INFO - Sync 1 DAGs
[2026-06-01T01:16:44.825+0000] {logging_mixin.py:188} INFO - [2026-06-01T01:16:44.825+0000] {dag.py:3954} INFO - Setting next_dagrun for stroke_pipeline to None, run_after=None
[2026-06-01T01:16:44.846+0000] {processor.py:183} INFO - Processing /opt/airflow/dags/stroke_pipeline_dag.py took 0.096 seconds
[2026-06-01T01:17:14.985+0000] {processor.py:161} INFO - Started process (PID=221) to work on /opt/airflow/dags/stroke_pipeline_dag.py
[2026-06-01T01:17:14.986+0000] {processor.py:830} INFO - Processing file /opt/airflow/dags/stroke_pipeline_dag.py for tasks to queue
[2026-06-01T01:17:14.988+0000] {logging_mixin.py:188} INFO - [2026-06-01T01:17:14.987+0000] {dagbag.py:545} INFO - Filling up the DagBag from /opt/airflow/dags/stroke_pipeline_dag.py
[2026-06-01T01:17:15.013+0000] {processor.py:840} INFO - DAG(s) 'stroke_pipeline' retrieved from /opt/airflow/dags/stroke_pipeline_dag.py
[2026-06-01T01:17:15.043+0000] {logging_mixin.py:188} INFO - [2026-06-01T01:17:15.043+0000] {dag.py:3096} INFO - Sync 1 DAGs
[2026-06-01T01:17:15.056+0000] {logging_mixin.py:188} INFO - [2026-06-01T01:17:15.056+0000] {dag.py:3954} INFO - Setting next_dagrun for stroke_pipeline to None, run_after=None
[2026-06-01T01:17:15.076+0000] {processor.py:183} INFO - Processing /opt/airflow/dags/stroke_pipeline_dag.py took 0.097 seconds
[2026-06-01T01:17:45.295+0000] {processor.py:161} INFO - Started process (PID=226) to work on /opt/airflow/dags/stroke_pipeline_dag.py
[2026-06-01T01:17:45.297+0000] {processor.py:830} INFO - Processing file /opt/airflow/dags/stroke_pipeline_dag.py for tasks to queue
[2026-06-01T01:17:45.299+0000] {logging_mixin.py:188} INFO - [2026-06-01T01:17:45.298+0000] {dagbag.py:545} INFO - Filling up the DagBag from /opt/airflow/dags/stroke_pipeline_dag.py
[2026-06-01T01:17:45.352+0000] {processor.py:840} INFO - DAG(s) 'stroke_pipeline' retrieved from /opt/airflow/dags/stroke_pipeline_dag.py
[2026-06-01T01:17:45.396+0000] {logging_mixin.py:188} INFO - [2026-06-01T01:17:45.395+0000] {dag.py:3096} INFO - Sync 1 DAGs
[2026-06-01T01:17:45.423+0000] {logging_mixin.py:188} INFO - [2026-06-01T01:17:45.422+0000] {dag.py:3954} INFO - Setting next_dagrun for stroke_pipeline to None, run_after=None
[2026-06-01T01:17:45.468+0000] {processor.py:183} INFO - Processing /opt/airflow/dags/stroke_pipeline_dag.py took 0.183 seconds
[2026-06-01T01:18:15.688+0000] {processor.py:161} INFO - Started process (PID=245) to work on /opt/airflow/dags/stroke_pipeline_dag.py
[2026-06-01T01:18:15.689+0000] {processor.py:830} INFO - Processing file /opt/airflow/dags/stroke_pipeline_dag.py for tasks to queue
[2026-06-01T01:18:15.691+0000] {logging_mixin.py:188} INFO - [2026-06-01T01:18:15.691+0000] {dagbag.py:545} INFO - Filling up the DagBag from /opt/airflow/dags/stroke_pipeline_dag.py
[2026-06-01T01:18:15.715+0000] {processor.py:840} INFO - DAG(s) 'stroke_pipeline' retrieved from /opt/airflow/dags/stroke_pipeline_dag.py
[2026-06-01T01:18:15.745+0000] {logging_mixin.py:188} INFO - [2026-06-01T01:18:15.744+0000] {dag.py:3096} INFO - Sync 1 DAGs
[2026-06-01T01:18:15.756+0000] {logging_mixin.py:188} INFO - [2026-06-01T01:18:15.756+0000] {dag.py:3954} INFO - Setting next_dagrun for stroke_pipeline to None, run_after=None
[2026-06-01T01:18:15.781+0000] {processor.py:183} INFO - Processing /opt/airflow/dags/stroke_pipeline_dag.py took 0.099 seconds
[2026-06-01T01:18:45.904+0000] {processor.py:161} INFO - Started process (PID=250) to work on /opt/airflow/dags/stroke_pipeline_dag.py
[2026-06-01T01:18:45.905+0000] {processor.py:830} INFO - Processing file /opt/airflow/dags/stroke_pipeline_dag.py for tasks to queue
[2026-06-01T01:18:45.907+0000] {logging_mixin.py:188} INFO - [2026-06-01T01:18:45.907+0000] {dagbag.py:545} INFO - Filling up the DagBag from /opt/airflow/dags/stroke_pipeline_dag.py
[2026-06-01T01:18:45.930+0000] {processor.py:840} INFO - DAG(s) 'stroke_pipeline' retrieved from /opt/airflow/dags/stroke_pipeline_dag.py
[2026-06-01T01:18:45.964+0000] {logging_mixin.py:188} INFO - [2026-06-01T01:18:45.964+0000] {dag.py:3096} INFO - Sync 1 DAGs
[2026-06-01T01:18:45.978+0000] {logging_mixin.py:188} INFO - [2026-06-01T01:18:45.978+0000] {dag.py:3954} INFO - Setting next_dagrun for stroke_pipeline to None, run_after=None
[2026-06-01T01:18:45.998+0000] {processor.py:183} INFO - Processing /opt/airflow/dags/stroke_pipeline_dag.py took 0.100 seconds
[2026-06-01T01:19:16.312+0000] {processor.py:161} INFO - Started process (PID=255) to work on /opt/airflow/dags/stroke_pipeline_dag.py
[2026-06-01T01:19:16.313+0000] {processor.py:830} INFO - Processing file /opt/airflow/dags/stroke_pipeline_dag.py for tasks to queue
[2026-06-01T01:19:16.317+0000] {logging_mixin.py:188} INFO - [2026-06-01T01:19:16.316+0000] {dagbag.py:545} INFO - Filling up the DagBag from /opt/airflow/dags/stroke_pipeline_dag.py
[2026-06-01T01:19:16.348+0000] {processor.py:840} INFO - DAG(s) 'stroke_pipeline' retrieved from /opt/airflow/dags/stroke_pipeline_dag.py
[2026-06-01T01:19:16.393+0000] {logging_mixin.py:188} INFO - [2026-06-01T01:19:16.393+0000] {dag.py:3096} INFO - Sync 1 DAGs
[2026-06-01T01:19:16.411+0000] {logging_mixin.py:188} INFO - [2026-06-01T01:19:16.411+0000] {dag.py:3954} INFO - Setting next_dagrun for stroke_pipeline to None, run_after=None
[2026-06-01T01:19:16.443+0000] {processor.py:183} INFO - Processing /opt/airflow/dags/stroke_pipeline_dag.py took 0.138 seconds
[2026-06-01T01:19:46.566+0000] {processor.py:161} INFO - Started process (PID=260) to work on /opt/airflow/dags/stroke_pipeline_dag.py
[2026-06-01T01:19:46.568+0000] {processor.py:830} INFO - Processing file /opt/airflow/dags/stroke_pipeline_dag.py for tasks to queue
[2026-06-01T01:19:46.570+0000] {logging_mixin.py:188} INFO - [2026-06-01T01:19:46.569+0000] {dagbag.py:545} INFO - Filling up the DagBag from /opt/airflow/dags/stroke_pipeline_dag.py
[2026-06-01T01:19:46.593+0000] {processor.py:840} INFO - DAG(s) 'stroke_pipeline' retrieved from /opt/airflow/dags/stroke_pipeline_dag.py
[2026-06-01T01:19:46.625+0000] {logging_mixin.py:188} INFO - [2026-06-01T01:19:46.625+0000] {dag.py:3096} INFO - Sync 1 DAGs
[2026-06-01T01:19:46.641+0000] {logging_mixin.py:188} INFO - [2026-06-01T01:19:46.641+0000] {dag.py:3954} INFO - Setting next_dagrun for stroke_pipeline to None, run_after=None
[2026-06-01T01:19:46.672+0000] {processor.py:183} INFO - Processing /opt/airflow/dags/stroke_pipeline_dag.py took 0.112 seconds
[2026-06-01T01:20:16.927+0000] {processor.py:161} INFO - Started process (PID=265) to work on /opt/airflow/dags/stroke_pipeline_dag.py
[2026-06-01T01:20:16.929+0000] {processor.py:830} INFO - Processing file /opt/airflow/dags/stroke_pipeline_dag.py for tasks to queue
[2026-06-01T01:20:16.932+0000] {logging_mixin.py:188} INFO - [2026-06-01T01:20:16.932+0000] {dagbag.py:545} INFO - Filling up the DagBag from /opt/airflow/dags/stroke_pipeline_dag.py
[2026-06-01T01:20:16.955+0000] {processor.py:840} INFO - DAG(s) 'stroke_pipeline' retrieved from /opt/airflow/dags/stroke_pipeline_dag.py
[2026-06-01T01:20:16.986+0000] {logging_mixin.py:188} INFO - [2026-06-01T01:20:16.985+0000] {dag.py:3096} INFO - Sync 1 DAGs
[2026-06-01T01:20:17.005+0000] {logging_mixin.py:188} INFO - [2026-06-01T01:20:17.005+0000] {dag.py:3954} INFO - Setting next_dagrun for stroke_pipeline to None, run_after=None
[2026-06-01T01:20:17.026+0000] {processor.py:183} INFO - Processing /opt/airflow/dags/stroke_pipeline_dag.py took 0.107 seconds
[2026-06-01T01:20:47.204+0000] {processor.py:161} INFO - Started process (PID=270) to work on /opt/airflow/dags/stroke_pipeline_dag.py
[2026-06-01T01:20:47.205+0000] {processor.py:830} INFO - Processing file /opt/airflow/dags/stroke_pipeline_dag.py for tasks to queue
[2026-06-01T01:20:47.208+0000] {logging_mixin.py:188} INFO - [2026-06-01T01:20:47.207+0000] {dagbag.py:545} INFO - Filling up the DagBag from /opt/airflow/dags/stroke_pipeline_dag.py
[2026-06-01T01:20:47.229+0000] {processor.py:840} INFO - DAG(s) 'stroke_pipeline' retrieved from /opt/airflow/dags/stroke_pipeline_dag.py
[2026-06-01T01:20:47.257+0000] {logging_mixin.py:188} INFO - [2026-06-01T01:20:47.257+0000] {dag.py:3096} INFO - Sync 1 DAGs
[2026-06-01T01:20:47.270+0000] {logging_mixin.py:188} INFO - [2026-06-01T01:20:47.270+0000] {dag.py:3954} INFO - Setting next_dagrun for stroke_pipeline to None, run_after=None
[2026-06-01T01:20:47.297+0000] {processor.py:183} INFO - Processing /opt/airflow/dags/stroke_pipeline_dag.py took 0.099 seconds
[2026-06-01T01:21:17.460+0000] {processor.py:161} INFO - Started process (PID=275) to work on /opt/airflow/dags/stroke_pipeline_dag.py
[2026-06-01T01:21:17.461+0000] {processor.py:830} INFO - Processing file /opt/airflow/dags/stroke_pipeline_dag.py for tasks to queue
[2026-06-01T01:21:17.463+0000] {logging_mixin.py:188} INFO - [2026-06-01T01:21:17.462+0000] {dagbag.py:545} INFO - Filling up the DagBag from /opt/airflow/dags/stroke_pipeline_dag.py
[2026-06-01T01:21:17.486+0000] {processor.py:840} INFO - DAG(s) 'stroke_pipeline' retrieved from /opt/airflow/dags/stroke_pipeline_dag.py
[2026-06-01T01:21:17.515+0000] {logging_mixin.py:188} INFO - [2026-06-01T01:21:17.515+0000] {dag.py:3096} INFO - Sync 1 DAGs
[2026-06-01T01:21:17.527+0000] {logging_mixin.py:188} INFO - [2026-06-01T01:21:17.526+0000] {dag.py:3954} INFO - Setting next_dagrun for stroke_pipeline to None, run_after=None
[2026-06-01T01:21:17.552+0000] {processor.py:183} INFO - Processing /opt/airflow/dags/stroke_pipeline_dag.py took 0.098 seconds
[2026-06-01T01:21:47.708+0000] {processor.py:161} INFO - Started process (PID=280) to work on /opt/airflow/dags/stroke_pipeline_dag.py
[2026-06-01T01:21:47.709+0000] {processor.py:830} INFO - Processing file /opt/airflow/dags/stroke_pipeline_dag.py for tasks to queue
[2026-06-01T01:21:47.711+0000] {logging_mixin.py:188} INFO - [2026-06-01T01:21:47.711+0000] {dagbag.py:545} INFO - Filling up the DagBag from /opt/airflow/dags/stroke_pipeline_dag.py
[2026-06-01T01:21:47.735+0000] {processor.py:840} INFO - DAG(s) 'stroke_pipeline' retrieved from /opt/airflow/dags/stroke_pipeline_dag.py
[2026-06-01T01:21:47.763+0000] {logging_mixin.py:188} INFO - [2026-06-01T01:21:47.763+0000] {dag.py:3096} INFO - Sync 1 DAGs
[2026-06-01T01:21:47.776+0000] {logging_mixin.py:188} INFO - [2026-06-01T01:21:47.775+0000] {dag.py:3954} INFO - Setting next_dagrun for stroke_pipeline to None, run_after=None
[2026-06-01T01:21:47.801+0000] {processor.py:183} INFO - Processing /opt/airflow/dags/stroke_pipeline_dag.py took 0.100 seconds
[2026-06-01T01:22:17.983+0000] {processor.py:161} INFO - Started process (PID=285) to work on /opt/airflow/dags/stroke_pipeline_dag.py
[2026-06-01T01:22:17.984+0000] {processor.py:830} INFO - Processing file /opt/airflow/dags/stroke_pipeline_dag.py for tasks to queue
[2026-06-01T01:22:17.986+0000] {logging_mixin.py:188} INFO - [2026-06-01T01:22:17.985+0000] {dagbag.py:545} INFO - Filling up the DagBag from /opt/airflow/dags/stroke_pipeline_dag.py
[2026-06-01T01:22:18.006+0000] {processor.py:840} INFO - DAG(s) 'stroke_pipeline' retrieved from /opt/airflow/dags/stroke_pipeline_dag.py
[2026-06-01T01:22:18.035+0000] {logging_mixin.py:188} INFO - [2026-06-01T01:22:18.034+0000] {dag.py:3096} INFO - Sync 1 DAGs
[2026-06-01T01:22:18.047+0000] {logging_mixin.py:188} INFO - [2026-06-01T01:22:18.047+0000] {dag.py:3954} INFO - Setting next_dagrun for stroke_pipeline to None, run_after=None
[2026-06-01T01:22:18.072+0000] {processor.py:183} INFO - Processing /opt/airflow/dags/stroke_pipeline_dag.py took 0.095 seconds
[2026-06-01T01:22:48.261+0000] {processor.py:161} INFO - Started process (PID=290) to work on /opt/airflow/dags/stroke_pipeline_dag.py
[2026-06-01T01:22:48.262+0000] {processor.py:830} INFO - Processing file /opt/airflow/dags/stroke_pipeline_dag.py for tasks to queue
[2026-06-01T01:22:48.264+0000] {logging_mixin.py:188} INFO - [2026-06-01T01:22:48.263+0000] {dagbag.py:545} INFO - Filling up the DagBag from /opt/airflow/dags/stroke_pipeline_dag.py
[2026-06-01T01:22:48.285+0000] {processor.py:840} INFO - DAG(s) 'stroke_pipeline' retrieved from /opt/airflow/dags/stroke_pipeline_dag.py
[2026-06-01T01:22:48.314+0000] {logging_mixin.py:188} INFO - [2026-06-01T01:22:48.314+0000] {dag.py:3096} INFO - Sync 1 DAGs
[2026-06-01T01:22:48.327+0000] {logging_mixin.py:188} INFO - [2026-06-01T01:22:48.327+0000] {dag.py:3954} INFO - Setting next_dagrun for stroke_pipeline to None, run_after=None
[2026-06-01T01:22:48.352+0000] {processor.py:183} INFO - Processing /opt/airflow/dags/stroke_pipeline_dag.py took 0.097 seconds
[2026-06-01T01:23:18.520+0000] {processor.py:161} INFO - Started process (PID=306) to work on /opt/airflow/dags/stroke_pipeline_dag.py
[2026-06-01T01:23:18.521+0000] {processor.py:830} INFO - Processing file /opt/airflow/dags/stroke_pipeline_dag.py for tasks to queue
[2026-06-01T01:23:18.523+0000] {logging_mixin.py:188} INFO - [2026-06-01T01:23:18.523+0000] {dagbag.py:545} INFO - Filling up the DagBag from /opt/airflow/dags/stroke_pipeline_dag.py
[2026-06-01T01:23:18.549+0000] {processor.py:840} INFO - DAG(s) 'stroke_pipeline' retrieved from /opt/airflow/dags/stroke_pipeline_dag.py
[2026-06-01T01:23:18.577+0000] {logging_mixin.py:188} INFO - [2026-06-01T01:23:18.577+0000] {dag.py:3096} INFO - Sync 1 DAGs
[2026-06-01T01:23:18.587+0000] {logging_mixin.py:188} INFO - [2026-06-01T01:23:18.587+0000] {dag.py:3954} INFO - Setting next_dagrun for stroke_pipeline to None, run_after=None
[2026-06-01T01:23:18.621+0000] {processor.py:183} INFO - Processing /opt/airflow/dags/stroke_pipeline_dag.py took 0.108 seconds
[2026-06-01T01:23:48.776+0000] {processor.py:161} INFO - Started process (PID=311) to work on /opt/airflow/dags/stroke_pipeline_dag.py
[2026-06-01T01:23:48.777+0000] {processor.py:830} INFO - Processing file /opt/airflow/dags/stroke_pipeline_dag.py for tasks to queue
[2026-06-01T01:23:48.779+0000] {logging_mixin.py:188} INFO - [2026-06-01T01:23:48.779+0000] {dagbag.py:545} INFO - Filling up the DagBag from /opt/airflow/dags/stroke_pipeline_dag.py
[2026-06-01T01:23:48.802+0000] {processor.py:840} INFO - DAG(s) 'stroke_pipeline' retrieved from /opt/airflow/dags/stroke_pipeline_dag.py
[2026-06-01T01:23:48.835+0000] {logging_mixin.py:188} INFO - [2026-06-01T01:23:48.835+0000] {dag.py:3096} INFO - Sync 1 DAGs
[2026-06-01T01:23:48.849+0000] {logging_mixin.py:188} INFO - [2026-06-01T01:23:48.848+0000] {dag.py:3954} INFO - Setting next_dagrun for stroke_pipeline to None, run_after=None
[2026-06-01T01:23:48.876+0000] {processor.py:183} INFO - Processing /opt/airflow/dags/stroke_pipeline_dag.py took 0.106 seconds
[2026-06-01T01:24:19.123+0000] {processor.py:161} INFO - Started process (PID=316) to work on /opt/airflow/dags/stroke_pipeline_dag.py
[2026-06-01T01:24:19.125+0000] {processor.py:830} INFO - Processing file /opt/airflow/dags/stroke_pipeline_dag.py for tasks to queue
[2026-06-01T01:24:19.127+0000] {logging_mixin.py:188} INFO - [2026-06-01T01:24:19.127+0000] {dagbag.py:545} INFO - Filling up the DagBag from /opt/airflow/dags/stroke_pipeline_dag.py
[2026-06-01T01:24:19.151+0000] {processor.py:840} INFO - DAG(s) 'stroke_pipeline' retrieved from /opt/airflow/dags/stroke_pipeline_dag.py
[2026-06-01T01:24:19.179+0000] {logging_mixin.py:188} INFO - [2026-06-01T01:24:19.179+0000] {dag.py:3096} INFO - Sync 1 DAGs
[2026-06-01T01:24:19.191+0000] {logging_mixin.py:188} INFO - [2026-06-01T01:24:19.191+0000] {dag.py:3954} INFO - Setting next_dagrun for stroke_pipeline to None, run_after=None
[2026-06-01T01:24:19.217+0000] {processor.py:183} INFO - Processing /opt/airflow/dags/stroke_pipeline_dag.py took 0.102 seconds
[2026-06-01T01:24:49.346+0000] {processor.py:161} INFO - Started process (PID=321) to work on /opt/airflow/dags/stroke_pipeline_dag.py
[2026-06-01T01:24:49.347+0000] {processor.py:830} INFO - Processing file /opt/airflow/dags/stroke_pipeline_dag.py for tasks to queue
[2026-06-01T01:24:49.349+0000] {logging_mixin.py:188} INFO - [2026-06-01T01:24:49.349+0000] {dagbag.py:545} INFO - Filling up the DagBag from /opt/airflow/dags/stroke_pipeline_dag.py
[2026-06-01T01:24:49.374+0000] {processor.py:840} INFO - DAG(s) 'stroke_pipeline' retrieved from /opt/airflow/dags/stroke_pipeline_dag.py
[2026-06-01T01:24:49.407+0000] {logging_mixin.py:188} INFO - [2026-06-01T01:24:49.406+0000] {dag.py:3096} INFO - Sync 1 DAGs
[2026-06-01T01:24:49.421+0000] {logging_mixin.py:188} INFO - [2026-06-01T01:24:49.421+0000] {dag.py:3954} INFO - Setting next_dagrun for stroke_pipeline to None, run_after=None
[2026-06-01T01:24:49.448+0000] {processor.py:183} INFO - Processing /opt/airflow/dags/stroke_pipeline_dag.py took 0.108 seconds
[2026-06-01T01:25:19.685+0000] {processor.py:161} INFO - Started process (PID=326) to work on /opt/airflow/dags/stroke_pipeline_dag.py
[2026-06-01T01:25:19.687+0000] {processor.py:830} INFO - Processing file /opt/airflow/dags/stroke_pipeline_dag.py for tasks to queue
[2026-06-01T01:25:19.689+0000] {logging_mixin.py:188} INFO - [2026-06-01T01:25:19.689+0000] {dagbag.py:545} INFO - Filling up the DagBag from /opt/airflow/dags/stroke_pipeline_dag.py
[2026-06-01T01:25:19.715+0000] {processor.py:840} INFO - DAG(s) 'stroke_pipeline' retrieved from /opt/airflow/dags/stroke_pipeline_dag.py
[2026-06-01T01:25:19.744+0000] {logging_mixin.py:188} INFO - [2026-06-01T01:25:19.744+0000] {dag.py:3096} INFO - Sync 1 DAGs
[2026-06-01T01:25:19.757+0000] {logging_mixin.py:188} INFO - [2026-06-01T01:25:19.757+0000] {dag.py:3954} INFO - Setting next_dagrun for stroke_pipeline to None, run_after=None
[2026-06-01T01:25:19.782+0000] {processor.py:183} INFO - Processing /opt/airflow/dags/stroke_pipeline_dag.py took 0.103 seconds
[2026-06-01T01:25:49.882+0000] {processor.py:161} INFO - Started process (PID=331) to work on /opt/airflow/dags/stroke_pipeline_dag.py
[2026-06-01T01:25:49.883+0000] {processor.py:830} INFO - Processing file /opt/airflow/dags/stroke_pipeline_dag.py for tasks to queue
[2026-06-01T01:25:49.885+0000] {logging_mixin.py:188} INFO - [2026-06-01T01:25:49.884+0000] {dagbag.py:545} INFO - Filling up the DagBag from /opt/airflow/dags/stroke_pipeline_dag.py
[2026-06-01T01:25:49.908+0000] {processor.py:840} INFO - DAG(s) 'stroke_pipeline' retrieved from /opt/airflow/dags/stroke_pipeline_dag.py
[2026-06-01T01:25:49.940+0000] {logging_mixin.py:188} INFO - [2026-06-01T01:25:49.939+0000] {dag.py:3096} INFO - Sync 1 DAGs
[2026-06-01T01:25:49.953+0000] {logging_mixin.py:188} INFO - [2026-06-01T01:25:49.953+0000] {dag.py:3954} INFO - Setting next_dagrun for stroke_pipeline to None, run_after=None
[2026-06-01T01:25:49.976+0000] {processor.py:183} INFO - Processing /opt/airflow/dags/stroke_pipeline_dag.py took 0.100 seconds
[2026-06-01T01:26:20.186+0000] {processor.py:161} INFO - Started process (PID=336) to work on /opt/airflow/dags/stroke_pipeline_dag.py
[2026-06-01T01:26:20.187+0000] {processor.py:830} INFO - Processing file /opt/airflow/dags/stroke_pipeline_dag.py for tasks to queue
[2026-06-01T01:26:20.189+0000] {logging_mixin.py:188} INFO - [2026-06-01T01:26:20.189+0000] {dagbag.py:545} INFO - Filling up the DagBag from /opt/airflow/dags/stroke_pipeline_dag.py
[2026-06-01T01:26:20.212+0000] {processor.py:840} INFO - DAG(s) 'stroke_pipeline' retrieved from /opt/airflow/dags/stroke_pipeline_dag.py
[2026-06-01T01:26:20.246+0000] {logging_mixin.py:188} INFO - [2026-06-01T01:26:20.246+0000] {dag.py:3096} INFO - Sync 1 DAGs
[2026-06-01T01:26:20.264+0000] {logging_mixin.py:188} INFO - [2026-06-01T01:26:20.264+0000] {dag.py:3954} INFO - Setting next_dagrun for stroke_pipeline to None, run_after=None
[2026-06-01T01:26:20.301+0000] {processor.py:183} INFO - Processing /opt/airflow/dags/stroke_pipeline_dag.py took 0.120 seconds
[2026-06-01T01:26:50.416+0000] {processor.py:161} INFO - Started process (PID=341) to work on /opt/airflow/dags/stroke_pipeline_dag.py
[2026-06-01T01:26:50.417+0000] {processor.py:830} INFO - Processing file /opt/airflow/dags/stroke_pipeline_dag.py for tasks to queue
[2026-06-01T01:26:50.419+0000] {logging_mixin.py:188} INFO - [2026-06-01T01:26:50.418+0000] {dagbag.py:545} INFO - Filling up the DagBag from /opt/airflow/dags/stroke_pipeline_dag.py
[2026-06-01T01:26:50.441+0000] {processor.py:840} INFO - DAG(s) 'stroke_pipeline' retrieved from /opt/airflow/dags/stroke_pipeline_dag.py
[2026-06-01T01:26:50.476+0000] {logging_mixin.py:188} INFO - [2026-06-01T01:26:50.475+0000] {dag.py:3096} INFO - Sync 1 DAGs
[2026-06-01T01:26:50.491+0000] {logging_mixin.py:188} INFO - [2026-06-01T01:26:50.491+0000] {dag.py:3954} INFO - Setting next_dagrun for stroke_pipeline to None, run_after=None
[2026-06-01T01:26:50.522+0000] {processor.py:183} INFO - Processing /opt/airflow/dags/stroke_pipeline_dag.py took 0.112 seconds
[2026-06-01T01:27:20.727+0000] {processor.py:161} INFO - Started process (PID=346) to work on /opt/airflow/dags/stroke_pipeline_dag.py
[2026-06-01T01:27:20.728+0000] {processor.py:830} INFO - Processing file /opt/airflow/dags/stroke_pipeline_dag.py for tasks to queue
[2026-06-01T01:27:20.730+0000] {logging_mixin.py:188} INFO - [2026-06-01T01:27:20.730+0000] {dagbag.py:545} INFO - Filling up the DagBag from /opt/airflow/dags/stroke_pipeline_dag.py
[2026-06-01T01:27:20.751+0000] {processor.py:840} INFO - DAG(s) 'stroke_pipeline' retrieved from /opt/airflow/dags/stroke_pipeline_dag.py
[2026-06-01T01:27:20.782+0000] {logging_mixin.py:188} INFO - [2026-06-01T01:27:20.782+0000] {dag.py:3096} INFO - Sync 1 DAGs
[2026-06-01T01:27:20.794+0000] {logging_mixin.py:188} INFO - [2026-06-01T01:27:20.794+0000] {dag.py:3954} INFO - Setting next_dagrun for stroke_pipeline to None, run_after=None
[2026-06-01T01:27:20.821+0000] {processor.py:183} INFO - Processing /opt/airflow/dags/stroke_pipeline_dag.py took 0.099 seconds
[2026-06-01T01:27:50.962+0000] {processor.py:161} INFO - Started process (PID=351) to work on /opt/airflow/dags/stroke_pipeline_dag.py
[2026-06-01T01:27:50.964+0000] {processor.py:830} INFO - Processing file /opt/airflow/dags/stroke_pipeline_dag.py for tasks to queue
[2026-06-01T01:27:50.968+0000] {logging_mixin.py:188} INFO - [2026-06-01T01:27:50.967+0000] {dagbag.py:545} INFO - Filling up the DagBag from /opt/airflow/dags/stroke_pipeline_dag.py
[2026-06-01T01:27:51.022+0000] {processor.py:840} INFO - DAG(s) 'stroke_pipeline' retrieved from /opt/airflow/dags/stroke_pipeline_dag.py
[2026-06-01T01:27:51.109+0000] {logging_mixin.py:188} INFO - [2026-06-01T01:27:51.109+0000] {dag.py:3096} INFO - Sync 1 DAGs
[2026-06-01T01:27:51.138+0000] {logging_mixin.py:188} INFO - [2026-06-01T01:27:51.137+0000] {dag.py:3954} INFO - Setting next_dagrun for stroke_pipeline to None, run_after=None
[2026-06-01T01:27:51.173+0000] {processor.py:183} INFO - Processing /opt/airflow/dags/stroke_pipeline_dag.py took 0.221 seconds
[2026-06-01T01:28:21.328+0000] {processor.py:161} INFO - Started process (PID=356) to work on /opt/airflow/dags/stroke_pipeline_dag.py
[2026-06-01T01:28:21.329+0000] {processor.py:830} INFO - Processing file /opt/airflow/dags/stroke_pipeline_dag.py for tasks to queue
[2026-06-01T01:28:21.331+0000] {logging_mixin.py:188} INFO - [2026-06-01T01:28:21.331+0000] {dagbag.py:545} INFO - Filling up the DagBag from /opt/airflow/dags/stroke_pipeline_dag.py
[2026-06-01T01:28:21.356+0000] {processor.py:840} INFO - DAG(s) 'stroke_pipeline' retrieved from /opt/airflow/dags/stroke_pipeline_dag.py
[2026-06-01T01:28:21.389+0000] {logging_mixin.py:188} INFO - [2026-06-01T01:28:21.388+0000] {dag.py:3096} INFO - Sync 1 DAGs
[2026-06-01T01:28:21.400+0000] {logging_mixin.py:188} INFO - [2026-06-01T01:28:21.400+0000] {dag.py:3954} INFO - Setting next_dagrun for stroke_pipeline to None, run_after=None
[2026-06-01T01:28:21.431+0000] {processor.py:183} INFO - Processing /opt/airflow/dags/stroke_pipeline_dag.py took 0.109 seconds
[2026-06-01T01:28:51.632+0000] {processor.py:161} INFO - Started process (PID=361) to work on /opt/airflow/dags/stroke_pipeline_dag.py
[2026-06-01T01:28:51.633+0000] {processor.py:830} INFO - Processing file /opt/airflow/dags/stroke_pipeline_dag.py for tasks to queue
[2026-06-01T01:28:51.636+0000] {logging_mixin.py:188} INFO - [2026-06-01T01:28:51.635+0000] {dagbag.py:545} INFO - Filling up the DagBag from /opt/airflow/dags/stroke_pipeline_dag.py
[2026-06-01T01:28:51.664+0000] {processor.py:840} INFO - DAG(s) 'stroke_pipeline' retrieved from /opt/airflow/dags/stroke_pipeline_dag.py
[2026-06-01T01:28:51.703+0000] {logging_mixin.py:188} INFO - [2026-06-01T01:28:51.702+0000] {dag.py:3096} INFO - Sync 1 DAGs
[2026-06-01T01:28:51.721+0000] {logging_mixin.py:188} INFO - [2026-06-01T01:28:51.721+0000] {dag.py:3954} INFO - Setting next_dagrun for stroke_pipeline to None, run_after=None
[2026-06-01T01:28:51.750+0000] {processor.py:183} INFO - Processing /opt/airflow/dags/stroke_pipeline_dag.py took 0.125 seconds
[2026-06-01T01:29:21.840+0000] {processor.py:161} INFO - Started process (PID=366) to work on /opt/airflow/dags/stroke_pipeline_dag.py
[2026-06-01T01:29:21.841+0000] {processor.py:830} INFO - Processing file /opt/airflow/dags/stroke_pipeline_dag.py for tasks to queue
[2026-06-01T01:29:21.844+0000] {logging_mixin.py:188} INFO - [2026-06-01T01:29:21.844+0000] {dagbag.py:545} INFO - Filling up the DagBag from /opt/airflow/dags/stroke_pipeline_dag.py
[2026-06-01T01:29:21.873+0000] {processor.py:840} INFO - DAG(s) 'stroke_pipeline' retrieved from /opt/airflow/dags/stroke_pipeline_dag.py
[2026-06-01T01:29:21.930+0000] {logging_mixin.py:188} INFO - [2026-06-01T01:29:21.929+0000] {dag.py:3096} INFO - Sync 1 DAGs
[2026-06-01T01:29:21.942+0000] {logging_mixin.py:188} INFO - [2026-06-01T01:29:21.942+0000] {dag.py:3954} INFO - Setting next_dagrun for stroke_pipeline to None, run_after=None
[2026-06-01T01:29:21.971+0000] {processor.py:183} INFO - Processing /opt/airflow/dags/stroke_pipeline_dag.py took 0.139 seconds
[2026-06-01T01:29:52.200+0000] {processor.py:161} INFO - Started process (PID=371) to work on /opt/airflow/dags/stroke_pipeline_dag.py
[2026-06-01T01:29:52.201+0000] {processor.py:830} INFO - Processing file /opt/airflow/dags/stroke_pipeline_dag.py for tasks to queue
[2026-06-01T01:29:52.203+0000] {logging_mixin.py:188} INFO - [2026-06-01T01:29:52.203+0000] {dagbag.py:545} INFO - Filling up the DagBag from /opt/airflow/dags/stroke_pipeline_dag.py
[2026-06-01T01:29:52.230+0000] {processor.py:840} INFO - DAG(s) 'stroke_pipeline' retrieved from /opt/airflow/dags/stroke_pipeline_dag.py
[2026-06-01T01:29:52.261+0000] {logging_mixin.py:188} INFO - [2026-06-01T01:29:52.261+0000] {dag.py:3096} INFO - Sync 1 DAGs
[2026-06-01T01:29:52.274+0000] {logging_mixin.py:188} INFO - [2026-06-01T01:29:52.273+0000] {dag.py:3954} INFO - Setting next_dagrun for stroke_pipeline to None, run_after=None
[2026-06-01T01:29:52.300+0000] {processor.py:183} INFO - Processing /opt/airflow/dags/stroke_pipeline_dag.py took 0.105 seconds
[2026-06-01T01:30:22.503+0000] {processor.py:161} INFO - Started process (PID=376) to work on /opt/airflow/dags/stroke_pipeline_dag.py
[2026-06-01T01:30:22.504+0000] {processor.py:830} INFO - Processing file /opt/airflow/dags/stroke_pipeline_dag.py for tasks to queue
[2026-06-01T01:30:22.506+0000] {logging_mixin.py:188} INFO - [2026-06-01T01:30:22.506+0000] {dagbag.py:545} INFO - Filling up the DagBag from /opt/airflow/dags/stroke_pipeline_dag.py
[2026-06-01T01:30:22.529+0000] {processor.py:840} INFO - DAG(s) 'stroke_pipeline' retrieved from /opt/airflow/dags/stroke_pipeline_dag.py
[2026-06-01T01:30:22.558+0000] {logging_mixin.py:188} INFO - [2026-06-01T01:30:22.558+0000] {dag.py:3096} INFO - Sync 1 DAGs
[2026-06-01T01:30:22.569+0000] {logging_mixin.py:188} INFO - [2026-06-01T01:30:22.569+0000] {dag.py:3954} INFO - Setting next_dagrun for stroke_pipeline to None, run_after=None
[2026-06-01T01:30:22.599+0000] {processor.py:183} INFO - Processing /opt/airflow/dags/stroke_pipeline_dag.py took 0.102 seconds
[2026-06-01T01:30:52.753+0000] {processor.py:161} INFO - Started process (PID=381) to work on /opt/airflow/dags/stroke_pipeline_dag.py
[2026-06-01T01:30:52.754+0000] {processor.py:830} INFO - Processing file /opt/airflow/dags/stroke_pipeline_dag.py for tasks to queue
[2026-06-01T01:30:52.755+0000] {logging_mixin.py:188} INFO - [2026-06-01T01:30:52.755+0000] {dagbag.py:545} INFO - Filling up the DagBag from /opt/airflow/dags/stroke_pipeline_dag.py
[2026-06-01T01:30:52.779+0000] {processor.py:840} INFO - DAG(s) 'stroke_pipeline' retrieved from /opt/airflow/dags/stroke_pipeline_dag.py
[2026-06-01T01:30:52.809+0000] {logging_mixin.py:188} INFO - [2026-06-01T01:30:52.808+0000] {dag.py:3096} INFO - Sync 1 DAGs
[2026-06-01T01:30:52.822+0000] {logging_mixin.py:188} INFO - [2026-06-01T01:30:52.821+0000] {dag.py:3954} INFO - Setting next_dagrun for stroke_pipeline to None, run_after=None
[2026-06-01T01:30:52.849+0000] {processor.py:183} INFO - Processing /opt/airflow/dags/stroke_pipeline_dag.py took 0.102 seconds
[2026-06-01T01:31:23.022+0000] {processor.py:161} INFO - Started process (PID=386) to work on /opt/airflow/dags/stroke_pipeline_dag.py
[2026-06-01T01:31:23.023+0000] {processor.py:830} INFO - Processing file /opt/airflow/dags/stroke_pipeline_dag.py for tasks to queue
[2026-06-01T01:31:23.026+0000] {logging_mixin.py:188} INFO - [2026-06-01T01:31:23.025+0000] {dagbag.py:545} INFO - Filling up the DagBag from /opt/airflow/dags/stroke_pipeline_dag.py
[2026-06-01T01:31:23.055+0000] {processor.py:840} INFO - DAG(s) 'stroke_pipeline' retrieved from /opt/airflow/dags/stroke_pipeline_dag.py
[2026-06-01T01:31:23.096+0000] {logging_mixin.py:188} INFO - [2026-06-01T01:31:23.096+0000] {dag.py:3096} INFO - Sync 1 DAGs
[2026-06-01T01:31:23.109+0000] {logging_mixin.py:188} INFO - [2026-06-01T01:31:23.109+0000] {dag.py:3954} INFO - Setting next_dagrun for stroke_pipeline to None, run_after=None
[2026-06-01T01:31:23.139+0000] {processor.py:183} INFO - Processing /opt/airflow/dags/stroke_pipeline_dag.py took 0.125 seconds
[2026-06-01T01:31:53.264+0000] {processor.py:161} INFO - Started process (PID=391) to work on /opt/airflow/dags/stroke_pipeline_dag.py
[2026-06-01T01:31:53.265+0000] {processor.py:830} INFO - Processing file /opt/airflow/dags/stroke_pipeline_dag.py for tasks to queue
[2026-06-01T01:31:53.267+0000] {logging_mixin.py:188} INFO - [2026-06-01T01:31:53.266+0000] {dagbag.py:545} INFO - Filling up the DagBag from /opt/airflow/dags/stroke_pipeline_dag.py
[2026-06-01T01:31:53.288+0000] {processor.py:840} INFO - DAG(s) 'stroke_pipeline' retrieved from /opt/airflow/dags/stroke_pipeline_dag.py
[2026-06-01T01:31:53.318+0000] {logging_mixin.py:188} INFO - [2026-06-01T01:31:53.318+0000] {dag.py:3096} INFO - Sync 1 DAGs
[2026-06-01T01:31:53.331+0000] {logging_mixin.py:188} INFO - [2026-06-01T01:31:53.331+0000] {dag.py:3954} INFO - Setting next_dagrun for stroke_pipeline to None, run_after=None
[2026-06-01T01:31:53.357+0000] {processor.py:183} INFO - Processing /opt/airflow/dags/stroke_pipeline_dag.py took 0.099 seconds
[2026-06-01T01:32:23.572+0000] {processor.py:161} INFO - Started process (PID=396) to work on /opt/airflow/dags/stroke_pipeline_dag.py
[2026-06-01T01:32:23.573+0000] {processor.py:830} INFO - Processing file /opt/airflow/dags/stroke_pipeline_dag.py for tasks to queue
[2026-06-01T01:32:23.575+0000] {logging_mixin.py:188} INFO - [2026-06-01T01:32:23.574+0000] {dagbag.py:545} INFO - Filling up the DagBag from /opt/airflow/dags/stroke_pipeline_dag.py
[2026-06-01T01:32:23.600+0000] {processor.py:840} INFO - DAG(s) 'stroke_pipeline' retrieved from /opt/airflow/dags/stroke_pipeline_dag.py
[2026-06-01T01:32:23.634+0000] {logging_mixin.py:188} INFO - [2026-06-01T01:32:23.634+0000] {dag.py:3096} INFO - Sync 1 DAGs
[2026-06-01T01:32:23.648+0000] {logging_mixin.py:188} INFO - [2026-06-01T01:32:23.647+0000] {dag.py:3954} INFO - Setting next_dagrun for stroke_pipeline to None, run_after=None
[2026-06-01T01:32:23.670+0000] {processor.py:183} INFO - Processing /opt/airflow/dags/stroke_pipeline_dag.py took 0.103 seconds
[2026-06-01T01:32:53.791+0000] {processor.py:161} INFO - Started process (PID=401) to work on /opt/airflow/dags/stroke_pipeline_dag.py
[2026-06-01T01:32:53.792+0000] {processor.py:830} INFO - Processing file /opt/airflow/dags/stroke_pipeline_dag.py for tasks to queue
[2026-06-01T01:32:53.794+0000] {logging_mixin.py:188} INFO - [2026-06-01T01:32:53.794+0000] {dagbag.py:545} INFO - Filling up the DagBag from /opt/airflow/dags/stroke_pipeline_dag.py
[2026-06-01T01:32:53.818+0000] {processor.py:840} INFO - DAG(s) 'stroke_pipeline' retrieved from /opt/airflow/dags/stroke_pipeline_dag.py
[2026-06-01T01:32:53.850+0000] {logging_mixin.py:188} INFO - [2026-06-01T01:32:53.850+0000] {dag.py:3096} INFO - Sync 1 DAGs
[2026-06-01T01:32:53.864+0000] {logging_mixin.py:188} INFO - [2026-06-01T01:32:53.864+0000] {dag.py:3954} INFO - Setting next_dagrun for stroke_pipeline to None, run_after=None
[2026-06-01T01:32:53.909+0000] {processor.py:183} INFO - Processing /opt/airflow/dags/stroke_pipeline_dag.py took 0.124 seconds
[2026-06-01T01:33:24.125+0000] {processor.py:161} INFO - Started process (PID=406) to work on /opt/airflow/dags/stroke_pipeline_dag.py
[2026-06-01T01:33:24.126+0000] {processor.py:830} INFO - Processing file /opt/airflow/dags/stroke_pipeline_dag.py for tasks to queue
[2026-06-01T01:33:24.128+0000] {logging_mixin.py:188} INFO - [2026-06-01T01:33:24.128+0000] {dagbag.py:545} INFO - Filling up the DagBag from /opt/airflow/dags/stroke_pipeline_dag.py
[2026-06-01T01:33:24.153+0000] {processor.py:840} INFO - DAG(s) 'stroke_pipeline' retrieved from /opt/airflow/dags/stroke_pipeline_dag.py
[2026-06-01T01:33:24.183+0000] {logging_mixin.py:188} INFO - [2026-06-01T01:33:24.182+0000] {dag.py:3096} INFO - Sync 1 DAGs
[2026-06-01T01:33:24.195+0000] {logging_mixin.py:188} INFO - [2026-06-01T01:33:24.195+0000] {dag.py:3954} INFO - Setting next_dagrun for stroke_pipeline to None, run_after=None
[2026-06-01T01:33:24.222+0000] {processor.py:183} INFO - Processing /opt/airflow/dags/stroke_pipeline_dag.py took 0.103 seconds
[2026-06-01T01:33:54.332+0000] {processor.py:161} INFO - Started process (PID=411) to work on /opt/airflow/dags/stroke_pipeline_dag.py
[2026-06-01T01:33:54.333+0000] {processor.py:830} INFO - Processing file /opt/airflow/dags/stroke_pipeline_dag.py for tasks to queue
[2026-06-01T01:33:54.335+0000] {logging_mixin.py:188} INFO - [2026-06-01T01:33:54.335+0000] {dagbag.py:545} INFO - Filling up the DagBag from /opt/airflow/dags/stroke_pipeline_dag.py
[2026-06-01T01:33:54.359+0000] {processor.py:840} INFO - DAG(s) 'stroke_pipeline' retrieved from /opt/airflow/dags/stroke_pipeline_dag.py
[2026-06-01T01:33:54.399+0000] {logging_mixin.py:188} INFO - [2026-06-01T01:33:54.398+0000] {dag.py:3096} INFO - Sync 1 DAGs
[2026-06-01T01:33:54.414+0000] {logging_mixin.py:188} INFO - [2026-06-01T01:33:54.414+0000] {dag.py:3954} INFO - Setting next_dagrun for stroke_pipeline to None, run_after=None
[2026-06-01T01:33:54.440+0000] {processor.py:183} INFO - Processing /opt/airflow/dags/stroke_pipeline_dag.py took 0.114 seconds
[2026-06-01T01:34:24.663+0000] {processor.py:161} INFO - Started process (PID=416) to work on /opt/airflow/dags/stroke_pipeline_dag.py
[2026-06-01T01:34:24.665+0000] {processor.py:830} INFO - Processing file /opt/airflow/dags/stroke_pipeline_dag.py for tasks to queue
[2026-06-01T01:34:24.668+0000] {logging_mixin.py:188} INFO - [2026-06-01T01:34:24.667+0000] {dagbag.py:545} INFO - Filling up the DagBag from /opt/airflow/dags/stroke_pipeline_dag.py
[2026-06-01T01:34:24.698+0000] {processor.py:840} INFO - DAG(s) 'stroke_pipeline' retrieved from /opt/airflow/dags/stroke_pipeline_dag.py
[2026-06-01T01:34:24.735+0000] {logging_mixin.py:188} INFO - [2026-06-01T01:34:24.735+0000] {dag.py:3096} INFO - Sync 1 DAGs
[2026-06-01T01:34:24.751+0000] {logging_mixin.py:188} INFO - [2026-06-01T01:34:24.751+0000] {dag.py:3954} INFO - Setting next_dagrun for stroke_pipeline to None, run_after=None
[2026-06-01T01:34:24.778+0000] {processor.py:183} INFO - Processing /opt/airflow/dags/stroke_pipeline_dag.py took 0.123 seconds
[2026-06-01T01:34:54.922+0000] {processor.py:161} INFO - Started process (PID=421) to work on /opt/airflow/dags/stroke_pipeline_dag.py
[2026-06-01T01:34:54.923+0000] {processor.py:830} INFO - Processing file /opt/airflow/dags/stroke_pipeline_dag.py for tasks to queue
[2026-06-01T01:34:54.925+0000] {logging_mixin.py:188} INFO - [2026-06-01T01:34:54.925+0000] {dagbag.py:545} INFO - Filling up the DagBag from /opt/airflow/dags/stroke_pipeline_dag.py
[2026-06-01T01:34:54.951+0000] {processor.py:840} INFO - DAG(s) 'stroke_pipeline' retrieved from /opt/airflow/dags/stroke_pipeline_dag.py
[2026-06-01T01:34:55.001+0000] {logging_mixin.py:188} INFO - [2026-06-01T01:34:55.001+0000] {dag.py:3096} INFO - Sync 1 DAGs
[2026-06-01T01:34:55.014+0000] {logging_mixin.py:188} INFO - [2026-06-01T01:34:55.014+0000] {dag.py:3954} INFO - Setting next_dagrun for stroke_pipeline to None, run_after=None
[2026-06-01T01:34:55.040+0000] {processor.py:183} INFO - Processing /opt/airflow/dags/stroke_pipeline_dag.py took 0.126 seconds
[2026-06-01T01:35:25.277+0000] {processor.py:161} INFO - Started process (PID=426) to work on /opt/airflow/dags/stroke_pipeline_dag.py
[2026-06-01T01:35:25.278+0000] {processor.py:830} INFO - Processing file /opt/airflow/dags/stroke_pipeline_dag.py for tasks to queue
[2026-06-01T01:35:25.282+0000] {logging_mixin.py:188} INFO - [2026-06-01T01:35:25.281+0000] {dagbag.py:545} INFO - Filling up the DagBag from /opt/airflow/dags/stroke_pipeline_dag.py
[2026-06-01T01:35:25.309+0000] {processor.py:840} INFO - DAG(s) 'stroke_pipeline' retrieved from /opt/airflow/dags/stroke_pipeline_dag.py
[2026-06-01T01:35:25.345+0000] {logging_mixin.py:188} INFO - [2026-06-01T01:35:25.345+0000] {dag.py:3096} INFO - Sync 1 DAGs
[2026-06-01T01:35:25.358+0000] {logging_mixin.py:188} INFO - [2026-06-01T01:35:25.358+0000] {dag.py:3954} INFO - Setting next_dagrun for stroke_pipeline to None, run_after=None
[2026-06-01T01:35:25.382+0000] {processor.py:183} INFO - Processing /opt/airflow/dags/stroke_pipeline_dag.py took 0.112 seconds
[2026-06-01T01:35:55.523+0000] {processor.py:161} INFO - Started process (PID=431) to work on /opt/airflow/dags/stroke_pipeline_dag.py
[2026-06-01T01:35:55.524+0000] {processor.py:830} INFO - Processing file /opt/airflow/dags/stroke_pipeline_dag.py for tasks to queue
[2026-06-01T01:35:55.526+0000] {logging_mixin.py:188} INFO - [2026-06-01T01:35:55.526+0000] {dagbag.py:545} INFO - Filling up the DagBag from /opt/airflow/dags/stroke_pipeline_dag.py
[2026-06-01T01:35:55.550+0000] {processor.py:840} INFO - DAG(s) 'stroke_pipeline' retrieved from /opt/airflow/dags/stroke_pipeline_dag.py
[2026-06-01T01:35:55.583+0000] {logging_mixin.py:188} INFO - [2026-06-01T01:35:55.583+0000] {dag.py:3096} INFO - Sync 1 DAGs
[2026-06-01T01:35:55.598+0000] {logging_mixin.py:188} INFO - [2026-06-01T01:35:55.598+0000] {dag.py:3954} INFO - Setting next_dagrun for stroke_pipeline to None, run_after=None
[2026-06-01T01:35:55.621+0000] {processor.py:183} INFO - Processing /opt/airflow/dags/stroke_pipeline_dag.py took 0.104 seconds
[2026-06-01T01:36:25.731+0000] {processor.py:161} INFO - Started process (PID=436) to work on /opt/airflow/dags/stroke_pipeline_dag.py
[2026-06-01T01:36:25.733+0000] {processor.py:830} INFO - Processing file /opt/airflow/dags/stroke_pipeline_dag.py for tasks to queue
[2026-06-01T01:36:25.736+0000] {logging_mixin.py:188} INFO - [2026-06-01T01:36:25.735+0000] {dagbag.py:545} INFO - Filling up the DagBag from /opt/airflow/dags/stroke_pipeline_dag.py
[2026-06-01T01:36:25.763+0000] {processor.py:840} INFO - DAG(s) 'stroke_pipeline' retrieved from /opt/airflow/dags/stroke_pipeline_dag.py
[2026-06-01T01:36:25.799+0000] {logging_mixin.py:188} INFO - [2026-06-01T01:36:25.799+0000] {dag.py:3096} INFO - Sync 1 DAGs
[2026-06-01T01:36:25.812+0000] {logging_mixin.py:188} INFO - [2026-06-01T01:36:25.812+0000] {dag.py:3954} INFO - Setting next_dagrun for stroke_pipeline to None, run_after=None
[2026-06-01T01:36:25.842+0000] {processor.py:183} INFO - Processing /opt/airflow/dags/stroke_pipeline_dag.py took 0.119 seconds
[2026-06-01T01:36:56.018+0000] {processor.py:161} INFO - Started process (PID=441) to work on /opt/airflow/dags/stroke_pipeline_dag.py
[2026-06-01T01:36:56.019+0000] {processor.py:830} INFO - Processing file /opt/airflow/dags/stroke_pipeline_dag.py for tasks to queue
[2026-06-01T01:36:56.021+0000] {logging_mixin.py:188} INFO - [2026-06-01T01:36:56.021+0000] {dagbag.py:545} INFO - Filling up the DagBag from /opt/airflow/dags/stroke_pipeline_dag.py
[2026-06-01T01:36:56.046+0000] {processor.py:840} INFO - DAG(s) 'stroke_pipeline' retrieved from /opt/airflow/dags/stroke_pipeline_dag.py
[2026-06-01T01:36:56.080+0000] {logging_mixin.py:188} INFO - [2026-06-01T01:36:56.080+0000] {dag.py:3096} INFO - Sync 1 DAGs
[2026-06-01T01:36:56.093+0000] {logging_mixin.py:188} INFO - [2026-06-01T01:36:56.093+0000] {dag.py:3954} INFO - Setting next_dagrun for stroke_pipeline to None, run_after=None
[2026-06-01T01:36:56.119+0000] {processor.py:183} INFO - Processing /opt/airflow/dags/stroke_pipeline_dag.py took 0.108 seconds
[2026-06-01T01:37:26.242+0000] {processor.py:161} INFO - Started process (PID=446) to work on /opt/airflow/dags/stroke_pipeline_dag.py
[2026-06-01T01:37:26.244+0000] {processor.py:830} INFO - Processing file /opt/airflow/dags/stroke_pipeline_dag.py for tasks to queue
[2026-06-01T01:37:26.246+0000] {logging_mixin.py:188} INFO - [2026-06-01T01:37:26.246+0000] {dagbag.py:545} INFO - Filling up the DagBag from /opt/airflow/dags/stroke_pipeline_dag.py
[2026-06-01T01:37:26.270+0000] {processor.py:840} INFO - DAG(s) 'stroke_pipeline' retrieved from /opt/airflow/dags/stroke_pipeline_dag.py
[2026-06-01T01:37:26.304+0000] {logging_mixin.py:188} INFO - [2026-06-01T01:37:26.304+0000] {dag.py:3096} INFO - Sync 1 DAGs
[2026-06-01T01:37:26.317+0000] {logging_mixin.py:188} INFO - [2026-06-01T01:37:26.317+0000] {dag.py:3954} INFO - Setting next_dagrun for stroke_pipeline to None, run_after=None
[2026-06-01T01:37:26.344+0000] {processor.py:183} INFO - Processing /opt/airflow/dags/stroke_pipeline_dag.py took 0.108 seconds
[2026-06-01T01:37:56.554+0000] {processor.py:161} INFO - Started process (PID=451) to work on /opt/airflow/dags/stroke_pipeline_dag.py
[2026-06-01T01:37:56.555+0000] {processor.py:830} INFO - Processing file /opt/airflow/dags/stroke_pipeline_dag.py for tasks to queue
[2026-06-01T01:37:56.557+0000] {logging_mixin.py:188} INFO - [2026-06-01T01:37:56.557+0000] {dagbag.py:545} INFO - Filling up the DagBag from /opt/airflow/dags/stroke_pipeline_dag.py
[2026-06-01T01:37:56.586+0000] {processor.py:840} INFO - DAG(s) 'stroke_pipeline' retrieved from /opt/airflow/dags/stroke_pipeline_dag.py
[2026-06-01T01:37:56.633+0000] {logging_mixin.py:188} INFO - [2026-06-01T01:37:56.633+0000] {dag.py:3096} INFO - Sync 1 DAGs
[2026-06-01T01:37:56.651+0000] {logging_mixin.py:188} INFO - [2026-06-01T01:37:56.650+0000] {dag.py:3954} INFO - Setting next_dagrun for stroke_pipeline to None, run_after=None
[2026-06-01T01:37:56.843+0000] {processor.py:183} INFO - Processing /opt/airflow/dags/stroke_pipeline_dag.py took 0.297 seconds
[2026-06-01T01:38:27.111+0000] {processor.py:161} INFO - Started process (PID=456) to work on /opt/airflow/dags/stroke_pipeline_dag.py
[2026-06-01T01:38:27.112+0000] {processor.py:830} INFO - Processing file /opt/airflow/dags/stroke_pipeline_dag.py for tasks to queue
[2026-06-01T01:38:27.113+0000] {logging_mixin.py:188} INFO - [2026-06-01T01:38:27.113+0000] {dagbag.py:545} INFO - Filling up the DagBag from /opt/airflow/dags/stroke_pipeline_dag.py
[2026-06-01T01:38:27.267+0000] {processor.py:840} INFO - DAG(s) 'stroke_pipeline' retrieved from /opt/airflow/dags/stroke_pipeline_dag.py
[2026-06-01T01:38:27.290+0000] {logging_mixin.py:188} INFO - [2026-06-01T01:38:27.290+0000] {dag.py:3096} INFO - Sync 1 DAGs
[2026-06-01T01:38:27.300+0000] {logging_mixin.py:188} INFO - [2026-06-01T01:38:27.300+0000] {dag.py:3954} INFO - Setting next_dagrun for stroke_pipeline to None, run_after=None
[2026-06-01T01:38:27.324+0000] {processor.py:183} INFO - Processing /opt/airflow/dags/stroke_pipeline_dag.py took 0.220 seconds
[2026-06-01T01:38:57.645+0000] {processor.py:161} INFO - Started process (PID=461) to work on /opt/airflow/dags/stroke_pipeline_dag.py
[2026-06-01T01:38:57.646+0000] {processor.py:830} INFO - Processing file /opt/airflow/dags/stroke_pipeline_dag.py for tasks to queue
[2026-06-01T01:38:57.647+0000] {logging_mixin.py:188} INFO - [2026-06-01T01:38:57.647+0000] {dagbag.py:545} INFO - Filling up the DagBag from /opt/airflow/dags/stroke_pipeline_dag.py
[2026-06-01T01:38:57.677+0000] {processor.py:840} INFO - DAG(s) 'stroke_pipeline' retrieved from /opt/airflow/dags/stroke_pipeline_dag.py
[2026-06-01T01:38:57.712+0000] {logging_mixin.py:188} INFO - [2026-06-01T01:38:57.712+0000] {dag.py:3096} INFO - Sync 1 DAGs
[2026-06-01T01:38:57.725+0000] {logging_mixin.py:188} INFO - [2026-06-01T01:38:57.725+0000] {dag.py:3954} INFO - Setting next_dagrun for stroke_pipeline to None, run_after=None
[2026-06-01T01:38:57.753+0000] {processor.py:183} INFO - Processing /opt/airflow/dags/stroke_pipeline_dag.py took 0.114 seconds
[2026-06-01T01:39:27.880+0000] {processor.py:161} INFO - Started process (PID=466) to work on /opt/airflow/dags/stroke_pipeline_dag.py
[2026-06-01T01:39:27.883+0000] {processor.py:830} INFO - Processing file /opt/airflow/dags/stroke_pipeline_dag.py for tasks to queue
[2026-06-01T01:39:27.887+0000] {logging_mixin.py:188} INFO - [2026-06-01T01:39:27.886+0000] {dagbag.py:545} INFO - Filling up the DagBag from /opt/airflow/dags/stroke_pipeline_dag.py
[2026-06-01T01:39:27.926+0000] {processor.py:840} INFO - DAG(s) 'stroke_pipeline' retrieved from /opt/airflow/dags/stroke_pipeline_dag.py
[2026-06-01T01:39:27.977+0000] {logging_mixin.py:188} INFO - [2026-06-01T01:39:27.977+0000] {dag.py:3096} INFO - Sync 1 DAGs
[2026-06-01T01:39:27.998+0000] {logging_mixin.py:188} INFO - [2026-06-01T01:39:27.997+0000] {dag.py:3954} INFO - Setting next_dagrun for stroke_pipeline to None, run_after=None
[2026-06-01T01:39:28.029+0000] {processor.py:183} INFO - Processing /opt/airflow/dags/stroke_pipeline_dag.py took 0.159 seconds
[2026-06-01T01:39:58.186+0000] {processor.py:161} INFO - Started process (PID=471) to work on /opt/airflow/dags/stroke_pipeline_dag.py
[2026-06-01T01:39:58.187+0000] {processor.py:830} INFO - Processing file /opt/airflow/dags/stroke_pipeline_dag.py for tasks to queue
[2026-06-01T01:39:58.189+0000] {logging_mixin.py:188} INFO - [2026-06-01T01:39:58.189+0000] {dagbag.py:545} INFO - Filling up the DagBag from /opt/airflow/dags/stroke_pipeline_dag.py
[2026-06-01T01:39:58.216+0000] {processor.py:840} INFO - DAG(s) 'stroke_pipeline' retrieved from /opt/airflow/dags/stroke_pipeline_dag.py
[2026-06-01T01:39:58.249+0000] {logging_mixin.py:188} INFO - [2026-06-01T01:39:58.249+0000] {dag.py:3096} INFO - Sync 1 DAGs
[2026-06-01T01:39:58.262+0000] {logging_mixin.py:188} INFO - [2026-06-01T01:39:58.262+0000] {dag.py:3954} INFO - Setting next_dagrun for stroke_pipeline to None, run_after=None
[2026-06-01T01:39:58.291+0000] {processor.py:183} INFO - Processing /opt/airflow/dags/stroke_pipeline_dag.py took 0.113 seconds
[2026-06-01T01:40:28.488+0000] {processor.py:161} INFO - Started process (PID=476) to work on /opt/airflow/dags/stroke_pipeline_dag.py
[2026-06-01T01:40:28.490+0000] {processor.py:830} INFO - Processing file /opt/airflow/dags/stroke_pipeline_dag.py for tasks to queue
[2026-06-01T01:40:28.492+0000] {logging_mixin.py:188} INFO - [2026-06-01T01:40:28.491+0000] {dagbag.py:545} INFO - Filling up the DagBag from /opt/airflow/dags/stroke_pipeline_dag.py
[2026-06-01T01:40:28.520+0000] {processor.py:840} INFO - DAG(s) 'stroke_pipeline' retrieved from /opt/airflow/dags/stroke_pipeline_dag.py
[2026-06-01T01:40:28.553+0000] {logging_mixin.py:188} INFO - [2026-06-01T01:40:28.552+0000] {dag.py:3096} INFO - Sync 1 DAGs
[2026-06-01T01:40:28.565+0000] {logging_mixin.py:188} INFO - [2026-06-01T01:40:28.565+0000] {dag.py:3954} INFO - Setting next_dagrun for stroke_pipeline to None, run_after=None
[2026-06-01T01:40:28.592+0000] {processor.py:183} INFO - Processing /opt/airflow/dags/stroke_pipeline_dag.py took 0.112 seconds
[2026-06-01T01:40:58.696+0000] {processor.py:161} INFO - Started process (PID=481) to work on /opt/airflow/dags/stroke_pipeline_dag.py
[2026-06-01T01:40:58.698+0000] {processor.py:830} INFO - Processing file /opt/airflow/dags/stroke_pipeline_dag.py for tasks to queue
[2026-06-01T01:40:58.701+0000] {logging_mixin.py:188} INFO - [2026-06-01T01:40:58.700+0000] {dagbag.py:545} INFO - Filling up the DagBag from /opt/airflow/dags/stroke_pipeline_dag.py
[2026-06-01T01:40:58.737+0000] {processor.py:840} INFO - DAG(s) 'stroke_pipeline' retrieved from /opt/airflow/dags/stroke_pipeline_dag.py
[2026-06-01T01:40:58.774+0000] {logging_mixin.py:188} INFO - [2026-06-01T01:40:58.774+0000] {dag.py:3096} INFO - Sync 1 DAGs
[2026-06-01T01:40:58.791+0000] {logging_mixin.py:188} INFO - [2026-06-01T01:40:58.791+0000] {dag.py:3954} INFO - Setting next_dagrun for stroke_pipeline to None, run_after=None
[2026-06-01T01:40:58.823+0000] {processor.py:183} INFO - Processing /opt/airflow/dags/stroke_pipeline_dag.py took 0.136 seconds
[2026-06-01T01:41:28.994+0000] {processor.py:161} INFO - Started process (PID=486) to work on /opt/airflow/dags/stroke_pipeline_dag.py
[2026-06-01T01:41:28.995+0000] {processor.py:830} INFO - Processing file /opt/airflow/dags/stroke_pipeline_dag.py for tasks to queue
[2026-06-01T01:41:28.997+0000] {logging_mixin.py:188} INFO - [2026-06-01T01:41:28.996+0000] {dagbag.py:545} INFO - Filling up the DagBag from /opt/airflow/dags/stroke_pipeline_dag.py
[2026-06-01T01:41:29.020+0000] {processor.py:840} INFO - DAG(s) 'stroke_pipeline' retrieved from /opt/airflow/dags/stroke_pipeline_dag.py
[2026-06-01T01:41:29.052+0000] {logging_mixin.py:188} INFO - [2026-06-01T01:41:29.052+0000] {dag.py:3096} INFO - Sync 1 DAGs
[2026-06-01T01:41:29.065+0000] {logging_mixin.py:188} INFO - [2026-06-01T01:41:29.065+0000] {dag.py:3954} INFO - Setting next_dagrun for stroke_pipeline to None, run_after=None
[2026-06-01T01:41:29.092+0000] {processor.py:183} INFO - Processing /opt/airflow/dags/stroke_pipeline_dag.py took 0.105 seconds
[2026-06-01T01:41:59.245+0000] {processor.py:161} INFO - Started process (PID=491) to work on /opt/airflow/dags/stroke_pipeline_dag.py
[2026-06-01T01:41:59.247+0000] {processor.py:830} INFO - Processing file /opt/airflow/dags/stroke_pipeline_dag.py for tasks to queue
[2026-06-01T01:41:59.249+0000] {logging_mixin.py:188} INFO - [2026-06-01T01:41:59.248+0000] {dagbag.py:545} INFO - Filling up the DagBag from /opt/airflow/dags/stroke_pipeline_dag.py
[2026-06-01T01:41:59.273+0000] {processor.py:840} INFO - DAG(s) 'stroke_pipeline' retrieved from /opt/airflow/dags/stroke_pipeline_dag.py
[2026-06-01T01:41:59.303+0000] {logging_mixin.py:188} INFO - [2026-06-01T01:41:59.302+0000] {dag.py:3096} INFO - Sync 1 DAGs
[2026-06-01T01:41:59.316+0000] {logging_mixin.py:188} INFO - [2026-06-01T01:41:59.315+0000] {dag.py:3954} INFO - Setting next_dagrun for stroke_pipeline to None, run_after=None
[2026-06-01T01:41:59.346+0000] {processor.py:183} INFO - Processing /opt/airflow/dags/stroke_pipeline_dag.py took 0.109 seconds
[2026-06-01T01:42:29.503+0000] {processor.py:161} INFO - Started process (PID=496) to work on /opt/airflow/dags/stroke_pipeline_dag.py
[2026-06-01T01:42:29.504+0000] {processor.py:830} INFO - Processing file /opt/airflow/dags/stroke_pipeline_dag.py for tasks to queue
[2026-06-01T01:42:29.506+0000] {logging_mixin.py:188} INFO - [2026-06-01T01:42:29.505+0000] {dagbag.py:545} INFO - Filling up the DagBag from /opt/airflow/dags/stroke_pipeline_dag.py
[2026-06-01T01:42:29.530+0000] {processor.py:840} INFO - DAG(s) 'stroke_pipeline' retrieved from /opt/airflow/dags/stroke_pipeline_dag.py
[2026-06-01T01:42:29.560+0000] {logging_mixin.py:188} INFO - [2026-06-01T01:42:29.560+0000] {dag.py:3096} INFO - Sync 1 DAGs
[2026-06-01T01:42:29.573+0000] {logging_mixin.py:188} INFO - [2026-06-01T01:42:29.573+0000] {dag.py:3954} INFO - Setting next_dagrun for stroke_pipeline to None, run_after=None
[2026-06-01T01:42:29.607+0000] {processor.py:183} INFO - Processing /opt/airflow/dags/stroke_pipeline_dag.py took 0.111 seconds
[2026-06-01T01:42:59.798+0000] {processor.py:161} INFO - Started process (PID=501) to work on /opt/airflow/dags/stroke_pipeline_dag.py
[2026-06-01T01:42:59.799+0000] {processor.py:830} INFO - Processing file /opt/airflow/dags/stroke_pipeline_dag.py for tasks to queue
[2026-06-01T01:42:59.801+0000] {logging_mixin.py:188} INFO - [2026-06-01T01:42:59.801+0000] {dagbag.py:545} INFO - Filling up the DagBag from /opt/airflow/dags/stroke_pipeline_dag.py
[2026-06-01T01:42:59.829+0000] {processor.py:840} INFO - DAG(s) 'stroke_pipeline' retrieved from /opt/airflow/dags/stroke_pipeline_dag.py
[2026-06-01T01:42:59.858+0000] {logging_mixin.py:188} INFO - [2026-06-01T01:42:59.858+0000] {dag.py:3096} INFO - Sync 1 DAGs
[2026-06-01T01:42:59.869+0000] {logging_mixin.py:188} INFO - [2026-06-01T01:42:59.869+0000] {dag.py:3954} INFO - Setting next_dagrun for stroke_pipeline to None, run_after=None
[2026-06-01T01:42:59.899+0000] {processor.py:183} INFO - Processing /opt/airflow/dags/stroke_pipeline_dag.py took 0.108 seconds
[2026-06-01T01:43:30.014+0000] {processor.py:161} INFO - Started process (PID=531) to work on /opt/airflow/dags/stroke_pipeline_dag.py
[2026-06-01T01:43:30.015+0000] {processor.py:830} INFO - Processing file /opt/airflow/dags/stroke_pipeline_dag.py for tasks to queue
[2026-06-01T01:43:30.017+0000] {logging_mixin.py:188} INFO - [2026-06-01T01:43:30.017+0000] {dagbag.py:545} INFO - Filling up the DagBag from /opt/airflow/dags/stroke_pipeline_dag.py
[2026-06-01T01:43:30.045+0000] {processor.py:840} INFO - DAG(s) 'stroke_pipeline' retrieved from /opt/airflow/dags/stroke_pipeline_dag.py
[2026-06-01T01:43:30.077+0000] {logging_mixin.py:188} INFO - [2026-06-01T01:43:30.076+0000] {dag.py:3096} INFO - Sync 1 DAGs
[2026-06-01T01:43:30.088+0000] {logging_mixin.py:188} INFO - [2026-06-01T01:43:30.088+0000] {dag.py:3954} INFO - Setting next_dagrun for stroke_pipeline to None, run_after=None
[2026-06-01T01:43:30.114+0000] {processor.py:183} INFO - Processing /opt/airflow/dags/stroke_pipeline_dag.py took 0.106 seconds
[2026-06-01T01:44:00.308+0000] {processor.py:161} INFO - Started process (PID=536) to work on /opt/airflow/dags/stroke_pipeline_dag.py
[2026-06-01T01:44:00.309+0000] {processor.py:830} INFO - Processing file /opt/airflow/dags/stroke_pipeline_dag.py for tasks to queue
[2026-06-01T01:44:00.311+0000] {logging_mixin.py:188} INFO - [2026-06-01T01:44:00.311+0000] {dagbag.py:545} INFO - Filling up the DagBag from /opt/airflow/dags/stroke_pipeline_dag.py
[2026-06-01T01:44:00.338+0000] {processor.py:840} INFO - DAG(s) 'stroke_pipeline' retrieved from /opt/airflow/dags/stroke_pipeline_dag.py
[2026-06-01T01:44:00.367+0000] {logging_mixin.py:188} INFO - [2026-06-01T01:44:00.367+0000] {dag.py:3096} INFO - Sync 1 DAGs
[2026-06-01T01:44:00.380+0000] {logging_mixin.py:188} INFO - [2026-06-01T01:44:00.380+0000] {dag.py:3954} INFO - Setting next_dagrun for stroke_pipeline to None, run_after=None
[2026-06-01T01:44:00.409+0000] {processor.py:183} INFO - Processing /opt/airflow/dags/stroke_pipeline_dag.py took 0.107 seconds
[2026-06-01T01:44:30.532+0000] {processor.py:161} INFO - Started process (PID=541) to work on /opt/airflow/dags/stroke_pipeline_dag.py
[2026-06-01T01:44:30.533+0000] {processor.py:830} INFO - Processing file /opt/airflow/dags/stroke_pipeline_dag.py for tasks to queue
[2026-06-01T01:44:30.536+0000] {logging_mixin.py:188} INFO - [2026-06-01T01:44:30.536+0000] {dagbag.py:545} INFO - Filling up the DagBag from /opt/airflow/dags/stroke_pipeline_dag.py
[2026-06-01T01:44:30.621+0000] {processor.py:840} INFO - DAG(s) 'stroke_pipeline' retrieved from /opt/airflow/dags/stroke_pipeline_dag.py
[2026-06-01T01:44:30.657+0000] {logging_mixin.py:188} INFO - [2026-06-01T01:44:30.657+0000] {dag.py:3096} INFO - Sync 1 DAGs
[2026-06-01T01:44:30.670+0000] {logging_mixin.py:188} INFO - [2026-06-01T01:44:30.670+0000] {dag.py:3954} INFO - Setting next_dagrun for stroke_pipeline to None, run_after=None
[2026-06-01T01:44:30.704+0000] {processor.py:183} INFO - Processing /opt/airflow/dags/stroke_pipeline_dag.py took 0.180 seconds
[2026-06-01T01:48:57.623+0000] {processor.py:161} INFO - Started process (PID=201) to work on /opt/airflow/dags/stroke_pipeline_dag.py
[2026-06-01T01:48:57.631+0000] {processor.py:830} INFO - Processing file /opt/airflow/dags/stroke_pipeline_dag.py for tasks to queue
[2026-06-01T01:48:57.634+0000] {logging_mixin.py:188} INFO - [2026-06-01T01:48:57.633+0000] {dagbag.py:545} INFO - Filling up the DagBag from /opt/airflow/dags/stroke_pipeline_dag.py
[2026-06-01T01:48:57.708+0000] {processor.py:840} INFO - DAG(s) 'stroke_pipeline' retrieved from /opt/airflow/dags/stroke_pipeline_dag.py
[2026-06-01T01:48:58.195+0000] {logging_mixin.py:188} INFO - [2026-06-01T01:48:58.195+0000] {dag.py:3096} INFO - Sync 1 DAGs
[2026-06-01T01:48:58.207+0000] {logging_mixin.py:188} INFO - [2026-06-01T01:48:58.206+0000] {dag.py:3954} INFO - Setting next_dagrun for stroke_pipeline to None, run_after=None
[2026-06-01T01:48:58.239+0000] {processor.py:183} INFO - Processing /opt/airflow/dags/stroke_pipeline_dag.py took 0.626 seconds
[2026-06-01T01:49:28.528+0000] {processor.py:161} INFO - Started process (PID=206) to work on /opt/airflow/dags/stroke_pipeline_dag.py
[2026-06-01T01:49:28.532+0000] {processor.py:830} INFO - Processing file /opt/airflow/dags/stroke_pipeline_dag.py for tasks to queue
[2026-06-01T01:49:28.539+0000] {logging_mixin.py:188} INFO - [2026-06-01T01:49:28.538+0000] {dagbag.py:545} INFO - Filling up the DagBag from /opt/airflow/dags/stroke_pipeline_dag.py
[2026-06-01T01:49:28.580+0000] {processor.py:840} INFO - DAG(s) 'stroke_pipeline' retrieved from /opt/airflow/dags/stroke_pipeline_dag.py
[2026-06-01T01:49:28.634+0000] {logging_mixin.py:188} INFO - [2026-06-01T01:49:28.634+0000] {dag.py:3096} INFO - Sync 1 DAGs
[2026-06-01T01:49:28.953+0000] {logging_mixin.py:188} INFO - [2026-06-01T01:49:28.952+0000] {dag.py:3954} INFO - Setting next_dagrun for stroke_pipeline to None, run_after=None
[2026-06-01T01:49:28.988+0000] {processor.py:183} INFO - Processing /opt/airflow/dags/stroke_pipeline_dag.py took 0.472 seconds
[2026-06-01T01:49:59.255+0000] {processor.py:161} INFO - Started process (PID=211) to work on /opt/airflow/dags/stroke_pipeline_dag.py
[2026-06-01T01:49:59.257+0000] {processor.py:830} INFO - Processing file /opt/airflow/dags/stroke_pipeline_dag.py for tasks to queue
[2026-06-01T01:49:59.259+0000] {logging_mixin.py:188} INFO - [2026-06-01T01:49:59.259+0000] {dagbag.py:545} INFO - Filling up the DagBag from /opt/airflow/dags/stroke_pipeline_dag.py
[2026-06-01T01:49:59.283+0000] {processor.py:840} INFO - DAG(s) 'stroke_pipeline' retrieved from /opt/airflow/dags/stroke_pipeline_dag.py
[2026-06-01T01:49:59.315+0000] {logging_mixin.py:188} INFO - [2026-06-01T01:49:59.314+0000] {dag.py:3096} INFO - Sync 1 DAGs
[2026-06-01T01:49:59.330+0000] {logging_mixin.py:188} INFO - [2026-06-01T01:49:59.329+0000] {dag.py:3954} INFO - Setting next_dagrun for stroke_pipeline to None, run_after=None
[2026-06-01T01:49:59.357+0000] {processor.py:183} INFO - Processing /opt/airflow/dags/stroke_pipeline_dag.py took 0.109 seconds
[2026-06-01T01:50:29.480+0000] {processor.py:161} INFO - Started process (PID=216) to work on /opt/airflow/dags/stroke_pipeline_dag.py
[2026-06-01T01:50:29.481+0000] {processor.py:830} INFO - Processing file /opt/airflow/dags/stroke_pipeline_dag.py for tasks to queue
[2026-06-01T01:50:29.483+0000] {logging_mixin.py:188} INFO - [2026-06-01T01:50:29.483+0000] {dagbag.py:545} INFO - Filling up the DagBag from /opt/airflow/dags/stroke_pipeline_dag.py
[2026-06-01T01:50:29.504+0000] {processor.py:840} INFO - DAG(s) 'stroke_pipeline' retrieved from /opt/airflow/dags/stroke_pipeline_dag.py
[2026-06-01T01:50:29.531+0000] {logging_mixin.py:188} INFO - [2026-06-01T01:50:29.531+0000] {dag.py:3096} INFO - Sync 1 DAGs
[2026-06-01T01:50:29.544+0000] {logging_mixin.py:188} INFO - [2026-06-01T01:50:29.544+0000] {dag.py:3954} INFO - Setting next_dagrun for stroke_pipeline to None, run_after=None
[2026-06-01T01:50:29.570+0000] {processor.py:183} INFO - Processing /opt/airflow/dags/stroke_pipeline_dag.py took 0.096 seconds
[2026-06-01T01:50:59.768+0000] {processor.py:161} INFO - Started process (PID=221) to work on /opt/airflow/dags/stroke_pipeline_dag.py
[2026-06-01T01:50:59.769+0000] {processor.py:830} INFO - Processing file /opt/airflow/dags/stroke_pipeline_dag.py for tasks to queue
[2026-06-01T01:50:59.772+0000] {logging_mixin.py:188} INFO - [2026-06-01T01:50:59.771+0000] {dagbag.py:545} INFO - Filling up the DagBag from /opt/airflow/dags/stroke_pipeline_dag.py
[2026-06-01T01:50:59.795+0000] {processor.py:840} INFO - DAG(s) 'stroke_pipeline' retrieved from /opt/airflow/dags/stroke_pipeline_dag.py
[2026-06-01T01:50:59.833+0000] {logging_mixin.py:188} INFO - [2026-06-01T01:50:59.833+0000] {dag.py:3096} INFO - Sync 1 DAGs
[2026-06-01T01:50:59.846+0000] {logging_mixin.py:188} INFO - [2026-06-01T01:50:59.846+0000] {dag.py:3954} INFO - Setting next_dagrun for stroke_pipeline to None, run_after=None
[2026-06-01T01:50:59.873+0000] {processor.py:183} INFO - Processing /opt/airflow/dags/stroke_pipeline_dag.py took 0.113 seconds
[2026-06-01T01:51:30.014+0000] {processor.py:161} INFO - Started process (PID=226) to work on /opt/airflow/dags/stroke_pipeline_dag.py
[2026-06-01T01:51:30.015+0000] {processor.py:830} INFO - Processing file /opt/airflow/dags/stroke_pipeline_dag.py for tasks to queue
[2026-06-01T01:51:30.018+0000] {logging_mixin.py:188} INFO - [2026-06-01T01:51:30.017+0000] {dagbag.py:545} INFO - Filling up the DagBag from /opt/airflow/dags/stroke_pipeline_dag.py
[2026-06-01T01:51:30.046+0000] {processor.py:840} INFO - DAG(s) 'stroke_pipeline' retrieved from /opt/airflow/dags/stroke_pipeline_dag.py
[2026-06-01T01:51:30.081+0000] {logging_mixin.py:188} INFO - [2026-06-01T01:51:30.080+0000] {dag.py:3096} INFO - Sync 1 DAGs
[2026-06-01T01:51:30.095+0000] {logging_mixin.py:188} INFO - [2026-06-01T01:51:30.095+0000] {dag.py:3954} INFO - Setting next_dagrun for stroke_pipeline to None, run_after=None
[2026-06-01T01:51:30.123+0000] {processor.py:183} INFO - Processing /opt/airflow/dags/stroke_pipeline_dag.py took 0.115 seconds
[2026-06-01T01:52:00.352+0000] {processor.py:161} INFO - Started process (PID=231) to work on /opt/airflow/dags/stroke_pipeline_dag.py
[2026-06-01T01:52:00.356+0000] {processor.py:830} INFO - Processing file /opt/airflow/dags/stroke_pipeline_dag.py for tasks to queue
[2026-06-01T01:52:00.359+0000] {logging_mixin.py:188} INFO - [2026-06-01T01:52:00.359+0000] {dagbag.py:545} INFO - Filling up the DagBag from /opt/airflow/dags/stroke_pipeline_dag.py
[2026-06-01T01:52:00.386+0000] {processor.py:840} INFO - DAG(s) 'stroke_pipeline' retrieved from /opt/airflow/dags/stroke_pipeline_dag.py
[2026-06-01T01:52:00.415+0000] {logging_mixin.py:188} INFO - [2026-06-01T01:52:00.415+0000] {dag.py:3096} INFO - Sync 1 DAGs
[2026-06-01T01:52:00.428+0000] {logging_mixin.py:188} INFO - [2026-06-01T01:52:00.428+0000] {dag.py:3954} INFO - Setting next_dagrun for stroke_pipeline to None, run_after=None
[2026-06-01T01:52:00.459+0000] {processor.py:183} INFO - Processing /opt/airflow/dags/stroke_pipeline_dag.py took 0.134 seconds
[2026-06-01T01:52:30.555+0000] {processor.py:161} INFO - Started process (PID=236) to work on /opt/airflow/dags/stroke_pipeline_dag.py
[2026-06-01T01:52:30.556+0000] {processor.py:830} INFO - Processing file /opt/airflow/dags/stroke_pipeline_dag.py for tasks to queue
[2026-06-01T01:52:30.559+0000] {logging_mixin.py:188} INFO - [2026-06-01T01:52:30.558+0000] {dagbag.py:545} INFO - Filling up the DagBag from /opt/airflow/dags/stroke_pipeline_dag.py
[2026-06-01T01:52:30.585+0000] {processor.py:840} INFO - DAG(s) 'stroke_pipeline' retrieved from /opt/airflow/dags/stroke_pipeline_dag.py
[2026-06-01T01:52:30.619+0000] {logging_mixin.py:188} INFO - [2026-06-01T01:52:30.619+0000] {dag.py:3096} INFO - Sync 1 DAGs
[2026-06-01T01:52:30.632+0000] {logging_mixin.py:188} INFO - [2026-06-01T01:52:30.632+0000] {dag.py:3954} INFO - Setting next_dagrun for stroke_pipeline to None, run_after=None
[2026-06-01T01:52:30.658+0000] {processor.py:183} INFO - Processing /opt/airflow/dags/stroke_pipeline_dag.py took 0.111 seconds
[2026-06-01T01:53:00.874+0000] {processor.py:161} INFO - Started process (PID=241) to work on /opt/airflow/dags/stroke_pipeline_dag.py
[2026-06-01T01:53:00.876+0000] {processor.py:830} INFO - Processing file /opt/airflow/dags/stroke_pipeline_dag.py for tasks to queue
[2026-06-01T01:53:00.878+0000] {logging_mixin.py:188} INFO - [2026-06-01T01:53:00.877+0000] {dagbag.py:545} INFO - Filling up the DagBag from /opt/airflow/dags/stroke_pipeline_dag.py
[2026-06-01T01:53:00.901+0000] {processor.py:840} INFO - DAG(s) 'stroke_pipeline' retrieved from /opt/airflow/dags/stroke_pipeline_dag.py
[2026-06-01T01:53:00.932+0000] {logging_mixin.py:188} INFO - [2026-06-01T01:53:00.932+0000] {dag.py:3096} INFO - Sync 1 DAGs
[2026-06-01T01:53:00.945+0000] {logging_mixin.py:188} INFO - [2026-06-01T01:53:00.945+0000] {dag.py:3954} INFO - Setting next_dagrun for stroke_pipeline to None, run_after=None
[2026-06-01T01:53:00.972+0000] {processor.py:183} INFO - Processing /opt/airflow/dags/stroke_pipeline_dag.py took 0.103 seconds
[2026-06-01T01:53:31.112+0000] {processor.py:161} INFO - Started process (PID=246) to work on /opt/airflow/dags/stroke_pipeline_dag.py
[2026-06-01T01:53:31.113+0000] {processor.py:830} INFO - Processing file /opt/airflow/dags/stroke_pipeline_dag.py for tasks to queue
[2026-06-01T01:53:31.115+0000] {logging_mixin.py:188} INFO - [2026-06-01T01:53:31.114+0000] {dagbag.py:545} INFO - Filling up the DagBag from /opt/airflow/dags/stroke_pipeline_dag.py
[2026-06-01T01:53:31.139+0000] {processor.py:840} INFO - DAG(s) 'stroke_pipeline' retrieved from /opt/airflow/dags/stroke_pipeline_dag.py
[2026-06-01T01:53:31.168+0000] {logging_mixin.py:188} INFO - [2026-06-01T01:53:31.168+0000] {dag.py:3096} INFO - Sync 1 DAGs
[2026-06-01T01:53:31.180+0000] {logging_mixin.py:188} INFO - [2026-06-01T01:53:31.180+0000] {dag.py:3954} INFO - Setting next_dagrun for stroke_pipeline to None, run_after=None
[2026-06-01T01:53:31.207+0000] {processor.py:183} INFO - Processing /opt/airflow/dags/stroke_pipeline_dag.py took 0.101 seconds
[2026-06-01T01:54:01.505+0000] {processor.py:161} INFO - Started process (PID=251) to work on /opt/airflow/dags/stroke_pipeline_dag.py
[2026-06-01T01:54:01.506+0000] {processor.py:830} INFO - Processing file /opt/airflow/dags/stroke_pipeline_dag.py for tasks to queue
[2026-06-01T01:54:01.507+0000] {logging_mixin.py:188} INFO - [2026-06-01T01:54:01.507+0000] {dagbag.py:545} INFO - Filling up the DagBag from /opt/airflow/dags/stroke_pipeline_dag.py
[2026-06-01T01:54:01.529+0000] {processor.py:840} INFO - DAG(s) 'stroke_pipeline' retrieved from /opt/airflow/dags/stroke_pipeline_dag.py
[2026-06-01T01:54:01.556+0000] {logging_mixin.py:188} INFO - [2026-06-01T01:54:01.555+0000] {dag.py:3096} INFO - Sync 1 DAGs
[2026-06-01T01:54:01.567+0000] {logging_mixin.py:188} INFO - [2026-06-01T01:54:01.566+0000] {dag.py:3954} INFO - Setting next_dagrun for stroke_pipeline to None, run_after=None
[2026-06-01T01:54:01.591+0000] {processor.py:183} INFO - Processing /opt/airflow/dags/stroke_pipeline_dag.py took 0.092 seconds
